,Unnamed: 0,No,Soal,Jawaban,Jawaban_Salah,SPK,SAL,TOF,Final_Feedback_Type,Generated_Feedback,dict_generated_feedback
0,0,1,"Jika x=5, maka nilai dari 3x+2 adalah â€¦",17,15,High,High,Delayed,Try again + Delayed Topic Contingent,"{
  ""Feedback Type"": ""Try again + Delayed Topic Contingent"",
  ""Feedback"": ""Mantap sudah mencoba soal substitusi! Sepertinya kamu menghitung 3x saja dan lupa menambahkan konstanta +2. Saat x = 5 pada ekspresi 3x+2, kamu perlu mengganti x dengan 5 lalu menyelesaikan operasi langkah demi langkah. Langkah yang bisa kamu pakai:\n- Ganti: $3x+2 \\rightarrow 3(5)+2$\n- Lakukan perhitungan secara bertahap: kalikan, lalu tambahkan konstan.\nCoba cek kembali pekerjaanmu: apakah kamu sudah menyertakan bagian +2 setelah mengalikan? Latihan terkait materi ini ada di Latihan 4.1 tentang bentuk aljabar (suku-suku, koefisien, variabel, dan konstanta) serta cara mengevaluasi bentuk aljabar untuk nilai variabel tertentu. Kamu bisa mencoba lagi sekarang.""
}","{'Feedback Type': 'Try again + Delayed Topic Contingent', 'Feedback': 'Mantap sudah mencoba soal substitusi! Sepertinya kamu menghitung 3x saja dan lupa menambahkan konstanta +2. Saat x = 5 pada ekspresi 3x+2, kamu perlu mengganti x dengan 5 lalu menyelesaikan operasi langkah demi langkah. Langkah yang bisa kamu pakai:\n- Ganti: $3x+2 \\\rightarrow 3(5)+2$\n- Lakukan perhitungan secara bertahap: kalikan, lalu tambahkan konstan.\nCoba cek kembali pekerjaanmu: apakah kamu sudah menyertakan bagian +2 setelah mengalikan? Latihan terkait materi ini ada di Latihan 4.1 tentang bentuk aljabar (suku-suku, koefisien, variabel, dan konstanta) serta cara mengevaluasi bentuk aljabar untuk nilai variabel tertentu. Kamu bisa mencoba lagi sekarang.'}"
1,1,2,Hasil dari (2x â€“ 1)(x + 4) adalah....,2x^2 + 7x â€“ 1,2x^2 + 8x - 4,High,Low,Immediate,Topic Contingent,"{
  ""Feedback Type"": ""Topic Contingent"",
  ""Feedback"": ""Bagus kamu sudah mulai dengan langkah pengalian. Dari jawabanmu 2x^2 + 8x - 4, ada bagian yang perlu diperbaiki karena ada suku yang terlewat.\n\nLangkah yang perlu kamu ikuti (metode FOIL):\n- First: $2x \\cdot x = 2x^2$\n- Outer: $2x \\cdot 4 = 8x$\n- Inner: $(-1) \\cdot x = -x$\n- Last: $(-1) \\cdot 4 = -4$\n\nGabungkan suku-suku yang sejenis: $8x + (-x) = 7x$.\n\nJadi bentuk ekspansi yang benar memiliki koefisien x sebesar 7 dan konstanta -4, sehingga ekspansi lengkapnya adalah $2x^2 + 7x - 4$.\n\nTips: pastikan semua bagian perkalian/distributive sudah ditulis, lalu gabungkan suku-suku sejenis dengan hati-hati agar tidak ada bagian yang terlewat.\n\nCoba perbaiki jawabanmu sekarang dengan langkah-langkah di atas. Kamu bisa balas jawaban barumu dan saya akan cek lagi.""
}",
2,2,3,Faktorisasi dari x^2 â€“ 2x â€“ 8 adalah....,(x â€“ 4)(x + 2),(x â€“ 2)(x + 4),High,Low,Immediate,Topic Contingent,"{
  ""Feedback Type"": ""Topic Contingent"",
  ""Feedback"": ""Bagus sudah mencoba memfaktorkan variabel. Perhatikan jawabanmu yang berupa $(x-2)(x+4)$. Jika kita kalikan, hasilnya adalah $x^2 + 2x - 8$, bukan $x^2 - 2x - 8$. Jadi tanda koefisien x-nya perlu direvisi.\n\nUntuk faktorisasi bentuk $x^2 - 2x - 8$, kita gunakan konsep mencari dua bilangan $a$ dan $b$ yang memenuhi $ab = -8$ dan $a + b = -2$. Kemudian kita tulis bentuk faktornya sebagai $(x + a)(x + b)$.\n\nLangkah yang bisa kamu coba:\n- Tentukan dua bilangan $a$ dan $b$ sehingga $ab = -8$ dan $a + b = -2$.\n- Gunakan pasangan bilangan itu untuk menulis faktor dalam bentuk $(x + a)(x + b)$.\n- Cek dengan mengembangkannya kembali untuk memastikan koefisiennya tepat.\n\nCoba lagi ya dengan langkah-langkah di atas. Jika kamu bingung, tuliskan dua angka $a$ dan $b$ yang memenuhi syarat itu, nanti kita cek bersama.""
}","{'Feedback Type': 'Topic Contingent', 'Feedback': 'Bagus sudah mencoba memfaktorkan variabel. Perhatikan jawabanmu yang berupa $(x-2)(x+4)$. Jika kita kalikan, hasilnya adalah $x^2 + 2x - 8$, bukan $x^2 - 2x - 8$. Jadi tanda koefisien x-nya perlu direvisi.\n\nUntuk faktorisasi bentuk $x^2 - 2x - 8$, kita gunakan konsep mencari dua bilangan $a$ dan $b$ yang memenuhi $ab = -8$ dan $a + b = -2$. Kemudian kita tulis bentuk faktornya sebagai $(x + a)(x + b)$.\n\nLangkah yang bisa kamu coba:\n- Tentukan dua bilangan $a$ dan $b$ sehingga $ab = -8$ dan $a + b = -2$.\n- Gunakan pasangan bilangan itu untuk menulis faktor dalam bentuk $(x + a)(x + b)$.\n- Cek dengan mengembangkannya kembali untuk memastikan koefisiennya tepat.\n\nCoba lagi ya dengan langkah-langkah di atas. Jika kamu bingung, tuliskan dua angka $a$ dan $b$ yang memenuhi syarat itu, nanti kita cek bersama.'}"
3,3,4,"Jika x = â€“1, maka nilai dari (x + 2)(x â€“ 3) adalah....",â€“4,-3,High,Low,Immediate,Topic Contingent,"{
  ""Feedback Type"": ""Topic Contingent"",
  ""Feedback"": ""Halo! Kamu sudah mencoba soal substitusi nilai ke dalam bentuk aljabar. Ayo kita cek langkah dasarnya bersama.\n\nApa yang diminta pada soal ini: substitusi x = -1 ke dalam bentuk (x + 2)(x âˆ’ 3), lalu kalikan kedua faktor untuk mendapatkan nilai akhirnya. Dari jawabanmu sekarang (-3), sepertinya ada salah ketika mengevaluasi satu faktor atau saat mengalikan kedua faktor.\n\nLangkah yang bisa kamu gunakan lagi:\n- Hitung nilai tiap faktor dengan x = -1. Contohnya, evaluasi (x + 2) ketika x = -1 dan evaluasi (x âˆ’ 3) ketika x = -1. Tampilkan hasil evaluasinya tanpa buru-buru mengalikan.\n- Setelah kedua faktor lengkap dinilai, kalikan kedua hasil evaluasi tersebut untuk mendapatkan nilai akhir. Pastikan tanda pada setiap evaluasi faktor benar sebelum mengalikan.\n\nSebagai panduan tambahan, kamu bisa juga pakai cara lain yang mungkin lebih nyaman, misalnya menggunakan ekspansi bentuk aljabar dan menyubstitusi x = -1 pada hasil ekspansi tersebut. Jika kamu ingin, kamu bisa mengunggah langkah-langkah terbarumu dan kita review bersama.\n\nCoba kerjakan lagi ya. Kamu bisa satu kesempatan lagi untuk mencoba, dan ayo kita lihat bagaimana hasil akhirnya setelah mengikuti langkah-langkah di atas.""
}","{'Feedback Type': 'Topic Contingent', 'Feedback': 'Halo! Kamu sudah mencoba soal substitusi nilai ke dalam bentuk aljabar. Ayo kita cek langkah dasarnya bersama.\n\nApa yang diminta pada soal ini: substitusi x = -1 ke dalam bentuk (x + 2)(x âˆ’ 3), lalu kalikan kedua faktor untuk mendapatkan nilai akhirnya. Dari jawabanmu sekarang (-3), sepertinya ada salah ketika mengevaluasi satu faktor atau saat mengalikan kedua faktor.\n\nLangkah yang bisa kamu gunakan lagi:\n- Hitung nilai tiap faktor dengan x = -1. Contohnya, evaluasi (x + 2) ketika x = -1 dan evaluasi (x âˆ’ 3) ketika x = -1. Tampilkan hasil evaluasinya tanpa buru-buru mengalikan.\n- Setelah kedua faktor lengkap dinilai, kalikan kedua hasil evaluasi tersebut untuk mendapatkan nilai akhir. Pastikan tanda pada setiap evaluasi faktor benar sebelum mengalikan.\n\nSebagai panduan tambahan, kamu bisa juga pakai cara lain yang mungkin lebih nyaman, misalnya menggunakan ekspansi bentuk aljabar dan menyubstitusi x = -1 pada hasil ekspansi tersebut. Jika kamu ingin, kamu bisa mengunggah langkah-langkah terbarumu dan kita review bersama.\n\nCoba kerjakan lagi ya. Kamu bisa satu kesempatan lagi untuk mencoba, dan ayo kita lihat bagaimana hasil akhirnya setelah mengikuti langkah-langkah di atas.'}"
4,4,5,Hasil dari (3x â€“ 2)(x + 1) adalah....,3x^2 + x â€“ 2,3x^2 + 5x - 2,High,Low,Immediate,Topic Contingent,"{
  ""Feedback Type"": ""Topic Contingent"",
  ""Feedback"": ""Kamu sudah mulai mengerjakan soal ini dengan baik. Namun jawabanmu $3x^2 + 5x - 2$ tidak tepat karena koefisien suku $x$ tidak sesuai. Perhatikan pembentukan hasil kali secara distributive. Gunakan aturan distributif: $(a-b)(c+d) = ac + ad - bc - bd$. Untuk soal ini, ada empat hasil kali yang perlu dipertimbangkan: $3x\\cdot x$, $3x\\cdot 1$, $-2\\cdot x$, dan $-2\\cdot 1$. Kemudian gabungkan suku-suku sejenis untuk membentuk koefisien pada setiap suku. Latihan seperti Latihan 4.1 membantu kamu membedakan suku-suku, koefisien, variabel, dan konstanta serta cara mengevaluasi bentuk aljabar untuk nilai tertentu. Coba perbaiki jawabanmu dengan langkah-langkah yang jelas, ya, lalu kirim ulang sehingga saya bisa cek lagi langkah-langkahnya.""
}",
5,5,6,"Jika x = 4, maka nilai dari x^3 â€“ 2x^2 + 3x â€“ 1 adalah....",27,â€“x + 8,Low,High,Immediate,Response Contingent,"{
  ""Feedback Type"": ""Response Contingent"",
  ""Feedback"": ""Keren kamu sudah mencoba! Dari jawabanmu terlihat kamu menuliskan bentuk aljabar yaitu -x + 8, padahal soal meminta nilai numerik setelah x diberi nilai. Karena x = 4, kita perlu mengganti semua kemunculan x dengan angka 4 dan menghitung hasilnya, bukan menuliskan bentuk aljabarnya.\n\nLangkah yang seharusnya dilakukan:\n1) Substitusi nilai: ganti x dengan 4 pada bentuknya sehingga menjadi $x^3 - 2x^2 + 3x - 1$ menjadi $4^3 - 2\\cdot 4^2 + 3\\cdot 4 - 1$.\n2) Lakukan perhitungan secara bertahap: pangkat, perkalian, baru penjumlahan/pengurangan sesuai urutan operasi.\n\nKamu bisa mulai dengan menuliskan langkah substitusi terlebih dahulu, misalnya: $x^3 - 2x^2 + 3x - 1$ dengan $x=4$ menjadi $4^3 - 2\\cdot 4^2 + 3\\cdot 4 - 1$, lalu lanjutkan dengan perhitungannya.\n\nLatihan 4.1 mengajarkan cara mengidentifikasi suku-suku, koefisien, variabel, dan konstanta serta bagaimana mengganti nilai variabel dengan angkaâ€”ini sangat berguna saat evaluasi bentuk aljabar seperti ini.\n\nCoba lagi ya. Kamu bisa mencoba menghitungnya langkah demi langkah, dan kalau perlu, aku bisa membimbingmu lewat tiap langkah. Tolong kirimkan jawaban numerik setelah substitusi x = 4.""
}",
6,6,7,Sederhanakan: 2x â€“ 3(x â€“ 2),â€“x + 6,â€“x â€“ 6,High,High,Immediate,Try again + Delayed Topic Content,,
7,7,8,Hasil dari (x + 3)^2 adalah....,x^2 + 6x + 9,x^2 + 9,High,High,Immediate,Try again + Delayed Topic Content,"{
  ""Feedback Type"": ""Try again + Delayed Topic Content"",
  ""Feedback"": ""Hebat sudah mencoba, tapi jawabanmu x^2 + 9 tidak mencakup semua suku saat mengkuadratkan binomial. Pada ekspansi (a+b)^2 ada tiga bagian yaitu a^2, 2ab, dan b^2. Kamu bisa menggunakan pola ini: $ (a+b)^2 = a^2 + 2ab + b^2 $. Coba terapkan dengan $a = x$ dan $b = 3$, lalu perhatikan bagaimana bagian yang melibatkan x muncul. Gunakan langkah ekspansi secara teliti (misalnya dengan metode FOIL) untuk melihat bagaimana setiap suku terbentuk. Setelah itu, uji lagi jawabanmu. Topik ini masuk dalam Unsur-Unsur Bentuk Aljabar, dan kita akan bahas lebih lanjut di pelajaran berikutnya.""
}","{'Feedback Type': 'Try again + Delayed Topic Content', 'Feedback': 'Hebat sudah mencoba, tapi jawabanmu x^2 + 9 tidak mencakup semua suku saat mengkuadratkan binomial. Pada ekspansi (a+b)^2 ada tiga bagian yaitu a^2, 2ab, dan b^2. Kamu bisa menggunakan pola ini: $ (a+b)^2 = a^2 + 2ab + b^2 $. Coba terapkan dengan $a = x$ dan $b = 3$, lalu perhatikan bagaimana bagian yang melibatkan x muncul. Gunakan langkah ekspansi secara teliti (misalnya dengan metode FOIL) untuk melihat bagaimana setiap suku terbentuk. Setelah itu, uji lagi jawabanmu. Topik ini masuk dalam Unsur-Unsur Bentuk Aljabar, dan kita akan bahas lebih lanjut di pelajaran berikutnya.'}"
8,8,9,"Nilai dari (2a + b)(a â€“ b) jika a = 1, b = â€“2 adalah....",9,10,Low,Low,Immediate,Response Contingent,"{
  ""Feedback Type"": ""Response Contingent"",
  ""Feedback"": ""Kamu sudah mencoba, nilai jawabanmu 10 tidak tepat untuk soal ini. Ayo kita periksa langkahnya pelan-pelan agar kamu bisa memahami pola perhitungan ini.\n\n- Fokus pada dua langkah utama: mengganti variabel ke dalam ekspresi dan kemudian mengalikan kedua faktor. Ekspresi yang kamu lihat adalah $ (2a + b)(a - b) $, dengan substitusi $ a = 1 $ dan $ b = -2 $\n\n- Lakukan evaluasi terhadap setiap faktor secara terpisah terlebih dahulu (tanpa langsung mengalikan keduanya). Ingat bahwa kita mengevaluasi di dalam tanda kurung terlebih dahulu, lalu kalikan hasil kedua faktor tersebut.\n\n- Coba jelaskan langkah-langkah yang kamu lakukan ketika mengganti nilai a dan b, lalu bagaimana kamu akhirnya mencapai hasil akhirnya. Jika ada bagian yang membingungkan (tanda +/âˆ’, urutan operasi, atau distributif), sebutkan ya.\n\nSilakan coba lagi sekarang dengan menuliskan langkah-langkahmu secara jelas. Kamu bisa menggunakan bantuan garis kerja atau tabel kecil untuk memeriksa setiap langkah. Semangat, kamu pasti bisa!"" 
}","{'Feedback Type': 'Response Contingent', 'Feedback': 'Kamu sudah mencoba, nilai jawabanmu 10 tidak tepat untuk soal ini. Ayo kita periksa langkahnya pelan-pelan agar kamu bisa memahami pola perhitungan ini.\n\n- Fokus pada dua langkah utama: mengganti variabel ke dalam ekspresi dan kemudian mengalikan kedua faktor. Ekspresi yang kamu lihat adalah $ (2a + b)(a - b) $, dengan substitusi $ a = 1 $ dan $ b = -2 $\n\n- Lakukan evaluasi terhadap setiap faktor secara terpisah terlebih dahulu (tanpa langsung mengalikan keduanya). Ingat bahwa kita mengevaluasi di dalam tanda kurung terlebih dahulu, lalu kalikan hasil kedua faktor tersebut.\n\n- Coba jelaskan langkah-langkah yang kamu lakukan ketika mengganti nilai a dan b, lalu bagaimana kamu akhirnya mencapai hasil akhirnya. Jika ada bagian yang membingungkan (tanda +/âˆ’, urutan operasi, atau distributif), sebutkan ya.\n\nSilakan coba lagi sekarang dengan menuliskan langkah-langkahmu secara jelas. Kamu bisa menggunakan bantuan garis kerja atau tabel kecil untuk memeriksa setiap langkah. Semangat, kamu pasti bisa!'}"
9,9,10,"Bentuk aljabar dari ""dua kali selisih x dan y"" adalah....",2(x â€“ y),2x â€“ 2y,Low,High,Immediate,Response Contingent,"{
  ""Feedback Type"": ""Response Contingent"",
  ""Feedback"": ""Bagus! Jawabanmu $2x - 2y$ sudah tepat untuk bentuk aljabar 'dua kali selisih x dan y'. Kamu sudah memahami bahwa jika ada faktor di depan kurung, kita mengalikan ke setiap suku di dalam kurung. Secara singkat, $2(x - y) = 2x - 2y$ karena sifat distributif: $k(a-b) = ka - kb$. Terus latih dengan pola ini agar semakin kuat dalam mengubah bentuk aljabar dari ekspresi yang melibatkan kurung.""
}","{'Feedback Type': 'Response Contingent', 'Feedback': ""Bagus! Jawabanmu $2x - 2y$ sudah tepat untuk bentuk aljabar 'dua kali selisih x dan y'. Kamu sudah memahami bahwa jika ada faktor di depan kurung, kita mengalikan ke setiap suku di dalam kurung. Secara singkat, $2(x - y) = 2x - 2y$ karena sifat distributif: $k(a-b) = ka - kb$. Terus latih dengan pola ini agar semakin kuat dalam mengubah bentuk aljabar dari ekspresi yang melibatkan kurung.""}"
10,10,11,Hasil dari (x â€“ 1)(x â€“ 5) adalah....,x^2 â€“ 6x + 5,x^2 â€“ 4x + 5,Low,Low,Immediate,Response Contingent,"{
  ""Feedback Type"": ""Response Contingent"",
  ""Feedback"": ""Bagus sudah menuliskan jawabanmu. Namun ada kesalahan pada koefisien suku x. Jawabanmu menghasilkan $-4x$, seharusnya koefisien x adalah hasil penjumlahan dua cross-term, yaitu $(-5)x$ dan $(-1)x$. Ketemuannya adalah $(-5x) + (-1x) = -6x$. Coba cek langkah berikut sebagai panduan:\n\n- Gunakan langkah FOIL: $(x-1)(x-5) = x\\cdot x + x\\cdot(-5) + (-1)\\cdot x + (-1)\\cdot(-5)$.\n- Hitung bagian-bagian: $x\\cdot x = x^2$, $x\\cdot(-5) = -5x$, $(-1)\\cdot x = -x$, $(-1)\\cdot(-5) = 5$.\n- Gabungkan suku sejenis: koefisien x = $-5x + (-x) = -6x$, konstanta = $5$.\n\nJadi bentuk yang benar adalah $x^2 - 6x + 5$.\n\nCoba jawab lagi dengan langkah-langkah di atas. Latihan 4.1 tentang identifikasi suku-suku, koefisien, variabel, dan konstanta bisa kamu pakai sebagai referensi jika perlu.""
}",
11,11,12,Nilai dari 3(x â€“ 2) â€“ 4(x + 1) adalah....,â€“x â€“ 2,-x + 10,Low,Low,Immediate,Response Contingent,"{
  ""Feedback Type"": ""Response Contingent"",
  ""Feedback"": ""Keren sudah mencoba soal aljabar. Dari jawabanmu yaitu $-x + 10$, terlihat ada kesalahan pada cara mendistribusikan atau menjumlahkan bagian konstanta. Ayo kita cek langkahnya dengan teliti:\n- Pertama, sebarkan tanda kurung: $3(x-2) = 3x - 6$.\n- Kedua, tentukan bagian yang dikurangi: $-4(x+1) = -4x - 4$.\n- Ketiga, gabungkan suku-suku sejenis: koefisien x adalah $3x$ dan $-4x$, jadi $3x + (-4x) = -x$; konstanta adalah $-6$ dan $-4$, keduanya negatif, sehingga jumlah konstanta juga negatif.\n- Keempat, gabungkan kedua hasilnya menjadi bentuk aljabar yang rapi. Coba hitung nilai konstanannya dengan mengikuti langkah-langkah di atas, lalu kirim jawabanmu lagi.\n\nIni bagian dari Latihan 4.1, jadi kita fokus pada memahami distribusi tanda negatif dan penjumlahan suku-suku sejenis. Jika masih bingung, kita cek bersama langkah demi langkah lagi. Semangat!""
}","{'Feedback Type': 'Response Contingent', 'Feedback': 'Keren sudah mencoba soal aljabar. Dari jawabanmu yaitu $-x + 10$, terlihat ada kesalahan pada cara mendistribusikan atau menjumlahkan bagian konstanta. Ayo kita cek langkahnya dengan teliti:\n- Pertama, sebarkan tanda kurung: $3(x-2) = 3x - 6$.\n- Kedua, tentukan bagian yang dikurangi: $-4(x+1) = -4x - 4$.\n- Ketiga, gabungkan suku-suku sejenis: koefisien x adalah $3x$ dan $-4x$, jadi $3x + (-4x) = -x$; konstanta adalah $-6$ dan $-4$, keduanya negatif, sehingga jumlah konstanta juga negatif.\n- Keempat, gabungkan kedua hasilnya menjadi bentuk aljabar yang rapi. Coba hitung nilai konstanannya dengan mengikuti langkah-langkah di atas, lalu kirim jawabanmu lagi.\n\nIni bagian dari Latihan 4.1, jadi kita fokus pada memahami distribusi tanda negatif dan penjumlahan suku-suku sejenis. Jika masih bingung, kita cek bersama langkah demi langkah lagi. Semangat!'}"
12,12,13,Faktorisasi dari x^2 + 5x + 6 adalah....,(x + 2)(x + 3),(x + 1)(x + 6),Low,Low,Immediate,Response Contingent,"{
  ""Feedback Type"": ""Response Contingent"",
  ""Feedback"": ""Bagus kamu sudah mencoba faktorisasi x^2 + 5x + 6. Jawabanmu $(x+1)(x+6)$ tidak tepat karena jika diperluas, hasilnya menjadi $x^2 + 7x + 6$, sedangkan koefisien x yang benar adalah 5.\\n\\nKonsep yang dipakai: jika fakto risasi berbentuk $(x+a)(x+b)$, maka $x^2 + (a+b)x + ab$.\\nUntuk mendapatkan $5x$ dan $6$, kita perlu mencari pasangan $(a,b)$ sehingga $a+b=5$ dan $ab=6$.\\nDari pasangan faktor bilangan 6, yaitu $(1,6)$ dan $(2,3)$, cek jumlahnya. Pasangan mana yang jumlahnya 5? (Petunjuk: cek kedua syarat tersebut, ya).\\nLangkah perbaikan: tentukan pasangan $(a,b)$ yang memenuhi kedua persamaan tersebut, lalu verifikasi dengan memperluas $(x+a)(x+b)$ untuk memastikan koefisien x dan konstanta sesuai.\\nAyo dicoba lagi ya! Kamu bisa tuliskan langkah-langkahnya dan kirim ulang.""
}","{'Feedback Type': 'Response Contingent', 'Feedback': 'Bagus kamu sudah mencoba faktorisasi x^2 + 5x + 6. Jawabanmu $(x+1)(x+6)$ tidak tepat karena jika diperluas, hasilnya menjadi $x^2 + 7x + 6$, sedangkan koefisien x yang benar adalah 5.\\n\\nKonsep yang dipakai: jika fakto risasi berbentuk $(x+a)(x+b)$, maka $x^2 + (a+b)x + ab$.\\nUntuk mendapatkan $5x$ dan $6$, kita perlu mencari pasangan $(a,b)$ sehingga $a+b=5$ dan $ab=6$.\\nDari pasangan faktor bilangan 6, yaitu $(1,6)$ dan $(2,3)$, cek jumlahnya. Pasangan mana yang jumlahnya 5? (Petunjuk: cek kedua syarat tersebut, ya).\\nLangkah perbaikan: tentukan pasangan $(a,b)$ yang memenuhi kedua persamaan tersebut, lalu verifikasi dengan memperluas $(x+a)(x+b)$ untuk memastikan koefisien x dan konstanta sesuai.\\nAyo dicoba lagi ya! Kamu bisa tuliskan langkah-langkahnya dan kirim ulang.'}"
13,13,14,"Jika a = 2, maka nilai dari 2a^2 â€“ 5a + 3 adalah....",1,2,Low,High,Delayed,Verification + Response Contingent,"{
  ""Feedback Type"": ""Verification + Response Contingent"",
  ""Feedback"": ""Bagus sudah mencoba menyelesaikan soal ini. Jawabanmu 2 tidak tepat untuk ekspresi berikut ketika a = 2: $2a^2 - 5a + 3$. Yuk kita cek langkah substitusinya dengan cara yang jelas (tanpa langsung menuliskan jawaban akhirnya):\n\n- Substitusi: ganti semua a dengan 2 pada bentuk $2a^2 - 5a + 3$, sehingga menjadi $2(2)^2 - 5(2) + 3$.\n- Evaluasi bertahap: hitung bagian $a^2$ dulu, lalu kalikan hasilnya dengan 2 untuk bagian $2a^2$, kemudian hitung nilai dari $-5a$, dan akhirnya gabungkan semua bagian dengan operasi yang benar.\n- Pastikan urutan operasi dan tanda +/âˆ’ tidak tertukar: eksponensi â†’ perkalian â†’ penjumlahan/pengurangan.\n\nCoba kerjakan lagi dengan langkah-langkah di atas, ya. Kirimkan langkah-langkah per bagiannya sehingga kita bisa cek bersama. Kamu punya kemampuan untuk memperbaiki ini; ayo dicoba lagi!""
}","{'Feedback Type': 'Verification + Response Contingent', 'Feedback': 'Bagus sudah mencoba menyelesaikan soal ini. Jawabanmu 2 tidak tepat untuk ekspresi berikut ketika a = 2: $2a^2 - 5a + 3$. Yuk kita cek langkah substitusinya dengan cara yang jelas (tanpa langsung menuliskan jawaban akhirnya):\n\n- Substitusi: ganti semua a dengan 2 pada bentuk $2a^2 - 5a + 3$, sehingga menjadi $2(2)^2 - 5(2) + 3$.\n- Evaluasi bertahap: hitung bagian $a^2$ dulu, lalu kalikan hasilnya dengan 2 untuk bagian $2a^2$, kemudian hitung nilai dari $-5a$, dan akhirnya gabungkan semua bagian dengan operasi yang benar.\n- Pastikan urutan operasi dan tanda +/âˆ’ tidak tertukar: eksponensi â†’ perkalian â†’ penjumlahan/pengurangan.\n\nCoba kerjakan lagi dengan langkah-langkah di atas, ya. Kirimkan langkah-langkah per bagiannya sehingga kita bisa cek bersama. Kamu punya kemampuan untuk memperbaiki ini; ayo dicoba lagi!'}"
14,14,15,Bentuk sederhana dari (2x â€“ 5) â€“ (3x â€“ 2) adalah....,â€“x â€“ 3,2x + 7,Low,High,Immediate,Response Contingent,"{
  ""Feedback Type"": ""Response Contingent"",
  ""Feedback"": ""Terima kasih sudah mencoba! Jawabanmu $2x + 7$ tidak tepat untuk soal ini. Coba lihat langkah-langkah berikut agar bisa memahami bagaimana menyederhanakan bentuk aljabar yang melibatkan kurung.\n\nLangkah 1: Distribusikan tanda minus ke dalam kurung kedua. Artinya, $(2x - 5) - (3x - 2)$ berubah menjadi $(2x - 5) - 3x + 2$.\n\nLangkah 2: Gabungkan suku-suku yang sejenis. Untuk suku-suku x, kamu punya $2x$ dan $-3x$, jadi $2x - 3x = -x$.\n\nLangkah 3: Gabungkan konstanta, yaitu $-5$ dan $+2$, sehingga $-5 + 2 = -3$.\n\nLangkah 4: Hasil akhirnya adalah kombinasi dari sumbu x dan konstanta, yang terbentuk dari Langkah 2 dan Langkah 3. Jika kamu menuliskannya secara lengkap, hasilnya akan berbentuk $-x - 3$ (tetap lihat langkah-langkahnya).\n\nCoba ulang jawabanmu dengan mengikuti langkah-langkah di atas ya. Coba tuliskan langkah-langkahnya bersama-sama, lalu kirim jawaban barumu. Saya akan cek lagi satu per satu langkahnya.\n\nTips Latihan: Latihan 4.1 membantu kita mengidentifikasi suku-suku, koefisien, variabel, dan konstanta pada bentuk aljabar. Misalnya untuk bentuk $a x + b$, bagian-bagiannya adalah: suku-suku (contoh: $ax$), koefisien (contoh: $a$), variabel (contoh: $x$), dan konstanta (contoh: $b$). Gunakan ini untuk memeriksa jawabanmu saat menyederhanakan bentuk aljabar.\n\nIngat untuk selalu perhatikan tanda di depan kurung kedua ketika melakukan pengurangan kurung. Kamu bisa mencoba lagi sekarang! ğŸš€""
}","{'Feedback Type': 'Response Contingent', 'Feedback': 'Terima kasih sudah mencoba! Jawabanmu $2x + 7$ tidak tepat untuk soal ini. Coba lihat langkah-langkah berikut agar bisa memahami bagaimana menyederhanakan bentuk aljabar yang melibatkan kurung.\n\nLangkah 1: Distribusikan tanda minus ke dalam kurung kedua. Artinya, $(2x - 5) - (3x - 2)$ berubah menjadi $(2x - 5) - 3x + 2$.\n\nLangkah 2: Gabungkan suku-suku yang sejenis. Untuk suku-suku x, kamu punya $2x$ dan $-3x$, jadi $2x - 3x = -x$.\n\nLangkah 3: Gabungkan konstanta, yaitu $-5$ dan $+2$, sehingga $-5 + 2 = -3$.\n\nLangkah 4: Hasil akhirnya adalah kombinasi dari sumbu x dan konstanta, yang terbentuk dari Langkah 2 dan Langkah 3. Jika kamu menuliskannya secara lengkap, hasilnya akan berbentuk $-x - 3$ (tetap lihat langkah-langkahnya).\n\nCoba ulang jawabanmu dengan mengikuti langkah-langkah di atas ya. Coba tuliskan langkah-langkahnya bersama-sama, lalu kirim jawaban barumu. Saya akan cek lagi satu per satu langkahnya.\n\nTips Latihan: Latihan 4.1 membantu kita mengidentifikasi suku-suku, koefisien, variabel, dan konstanta pada bentuk aljabar. Misalnya untuk bentuk $a x + b$, bagian-bagiannya adalah: suku-suku (contoh: $ax$), koefisien (contoh: $a$), variabel (contoh: $x$), dan konstanta (contoh: $b$). Gunakan ini untuk memeriksa jawabanmu saat menyederhanakan bentuk aljabar.\n\nIngat untuk selalu perhatikan tanda di depan kurung kedua ketika melakukan pengurangan kurung. Kamu bisa mencoba lagi sekarang! ğŸš€'}"
15,15,16,Hasil dari 2a â€“ (â€“3a + 4) adalah....,5a + 4,5a - 4,High,High,Delayed,Try again + Delayed Topic Contingent,,
16,16,17,Faktorisasi dari x^2 â€“ 9 adalah....,(x + 3)(x â€“ 3),x^2 â€“ 6x + 9,High,High,Delayed,Try again + Delayed Topic Contingent,"{
  ""Feedback Type"": ""Try again + Delayed Topic Contingent"",
  ""Feedback"": ""Kamu sudah mencoba memfaktorkan x^2 - 9. Dari jawabanmu $x^2 - 6x + 9$ terlihat kamu menuliskannya sebagai kuadrat sempurna $(x-3)^2$, bukan sebagai perbedaan kuadrat. Perhatikan perbedaannya: pada $x^2 - 9$ tidak ada suku $x$, koefisien dari $x$ adalah 0 (bukan -6). Ini menandakan kita tidak sedang membentuk $(x-3)^2$. Coba gunakan pola perbedaan kuadrat: $a^2 - b^2 = (a-b)(a+b)$. Jika kita ambil $a = x$ dan $b = 3$, maka kita bisa mencoba mengubah bentuknya menjadi perbedaan kuadrat dan kemudian difaktorkan. Coba ulang dengan memeriksa apakah bentuk yang ada bisa ditulis sebagai $x^2 - 3^2$ dan dipakai pola tersebut. Lihat lagi koefisien x dan pola faktornya ($a^2 - b^2 = (a-b)(a+b)$). Kamu pasti bisa menebak langkahnya dengan satu percobaan lagi. Semangat!""
}","{'Feedback Type': 'Try again + Delayed Topic Contingent', 'Feedback': 'Kamu sudah mencoba memfaktorkan x^2 - 9. Dari jawabanmu $x^2 - 6x + 9$ terlihat kamu menuliskannya sebagai kuadrat sempurna $(x-3)^2$, bukan sebagai perbedaan kuadrat. Perhatikan perbedaannya: pada $x^2 - 9$ tidak ada suku $x$, koefisien dari $x$ adalah 0 (bukan -6). Ini menandakan kita tidak sedang membentuk $(x-3)^2$. Coba gunakan pola perbedaan kuadrat: $a^2 - b^2 = (a-b)(a+b)$. Jika kita ambil $a = x$ dan $b = 3$, maka kita bisa mencoba mengubah bentuknya menjadi perbedaan kuadrat dan kemudian difaktorkan. Coba ulang dengan memeriksa apakah bentuk yang ada bisa ditulis sebagai $x^2 - 3^2$ dan dipakai pola tersebut. Lihat lagi koefisien x dan pola faktornya ($a^2 - b^2 = (a-b)(a+b)$). Kamu pasti bisa menebak langkahnya dengan satu percobaan lagi. Semangat!'}"
17,17,18,"Jika y = â€“2, maka nilai dari y^3 + 3y^2 + y adalah....",â€“11,5,Low,Low,Immediate,Response Contingent,"{
  ""Feedback Type"": ""Response Contingent"",
  ""Feedback"": ""Bagus kamu sudah mencoba. Nilai jawabanmu 5, tetapi mari kita cek cara memasukkan y = -2 ke dalam ekspresi $y^3 + 3y^2 + y$.\n\nLangkah-langkah yang bisa kamu lakukan sekarang (isi bagian yang kosong):\n1) y^3 = (-2)^3 = __\n2) 3y^2 = 3(-2)^2 = __\n3) y = -2\n4) Jumlahkan: (__ ) + (__ ) + (-2) = __\n\nPerhatikan tanda negatif dan operasi perkalian, sering terjadi kesalahan saat menghitung kuadrat atau penggabungan suku.\n\nCoba kerjakan lagi ya. Jika kamu mau, saya bisa cek langkah-langkahmu setelah kamu mengisi bagian kosong.""
}","{'Feedback Type': 'Response Contingent', 'Feedback': 'Bagus kamu sudah mencoba. Nilai jawabanmu 5, tetapi mari kita cek cara memasukkan y = -2 ke dalam ekspresi $y^3 + 3y^2 + y$.\n\nLangkah-langkah yang bisa kamu lakukan sekarang (isi bagian yang kosong):\n1) y^3 = (-2)^3 = __\n2) 3y^2 = 3(-2)^2 = __\n3) y = -2\n4) Jumlahkan: (__ ) + (__ ) + (-2) = __\n\nPerhatikan tanda negatif dan operasi perkalian, sering terjadi kesalahan saat menghitung kuadrat atau penggabungan suku.\n\nCoba kerjakan lagi ya. Jika kamu mau, saya bisa cek langkah-langkahmu setelah kamu mengisi bagian kosong.'}"
18,18,19,Sederhanakan: 3x + 2(x â€“ 4),5x â€“ 8,5x - 4,Low,Low,Immediate,Response Contingent,"{
  ""Feedback Type"": ""Response Contingent"",
  ""Feedback"": ""Kamu sudah mencoba, tapi jawabanmu 5x - 4 kurang tepat. Cek lagi langkah-langkah penyederhanaannya: 1) Distribusi: $2(x-4) = 2x - 8$. 2) Gabungkan suku-suku sejenis: $3x + 2x = 5x$. 3) Konstanta berasal dari hasil distribusi, yaitu $-8$. Jadi bentuk aljabar yang disederhanakan memiliki koefisien x sebesar 5 dan konstanta -8. Coba kerjakan lagi ya dengan mengikuti langkah-langkah tersebut. Jika perlu, kita ulangi satu langkah demi langkah bersama.""
}","{'Feedback Type': 'Response Contingent', 'Feedback': 'Kamu sudah mencoba, tapi jawabanmu 5x - 4 kurang tepat. Cek lagi langkah-langkah penyederhanaannya: 1) Distribusi: $2(x-4) = 2x - 8$. 2) Gabungkan suku-suku sejenis: $3x + 2x = 5x$. 3) Konstanta berasal dari hasil distribusi, yaitu $-8$. Jadi bentuk aljabar yang disederhanakan memiliki koefisien x sebesar 5 dan konstanta -8. Coba kerjakan lagi ya dengan mengikuti langkah-langkah tersebut. Jika perlu, kita ulangi satu langkah demi langkah bersama.'}"
19,19,20,Hasil dari â€“x^2 + 2x â€“ 1 jika x = â€“2 adalah....,1,-9,Low,High,Immediate,Response Contingent,"{
  ""Feedback Type"": ""Response Contingent"",
  ""Feedback"": ""Bagus! Kamu menjawab dengan tepat yaitu $-9$. Untuk mengecek sendiri tanpa melihat jawaban, ganti x dengan $-2$ di bentuk aljabar berikut: $-x^2 + 2x - 1$. Evaluasi setiap bagian: $-((-2)^2)$, $2(-2)$, dan $-1$. Jumlah ketiga bagian tersebut akan memberi hasil akhirnya. Perhatikan tanda minus dan koefisiennya agar tidak salah tanda. Terus latihan soal Latihan 4.1 untuk memperkuat kemampuan mengidentifikasi suku-suku, koefisien, variabel, dan konstanta.""
}","{'Feedback Type': 'Response Contingent', 'Feedback': 'Bagus! Kamu menjawab dengan tepat yaitu $-9$. Untuk mengecek sendiri tanpa melihat jawaban, ganti x dengan $-2$ di bentuk aljabar berikut: $-x^2 + 2x - 1$. Evaluasi setiap bagian: $-((-2)^2)$, $2(-2)$, dan $-1$. Jumlah ketiga bagian tersebut akan memberi hasil akhirnya. Perhatikan tanda minus dan koefisiennya agar tidak salah tanda. Terus latihan soal Latihan 4.1 untuk memperkuat kemampuan mengidentifikasi suku-suku, koefisien, variabel, dan konstanta.'}"
20,20,21,"Bentuk aljabar dari ""jumlah dari dua kali x dan 7"" adalah....",2x + 7,2(x + 7),Low,Low,Immediate,Response Contingent,"{
  ""Feedback Type"": ""Response Contingent"",
  ""Feedback"": ""Hebat kamu mencoba! Dari jawabanmu 2(x+7), sepertinya ada kekeliruan dalam membaca kalimat masalah.\n\n- Perhatikan arti kalimat: 'jumlah dari dua kali x dan 7' berarti ada dua bagian yang dijumlahkan, yaitu:\n  â€¢ bagian pertama: dua kali x (yang artinya $2x$)\n  â€¢ bagian kedua: 7\n- Kedua bagian ini seharusnya dijumlahkan, bukan dikalikan satu sama lain. Menuliskan sebagai 2(x+7) berarti seluruhnya dikalikan dua, sehingga hasilnya berbeda (misalnya distribusi akan memberi $2x + 14$).\n\nPetunjuk untuk mencoba lagi:\n- Tuliskan bagian-bagiannya secara terpisah: bagian pertama adalah $2x$, bagian kedua adalah $7$.\n- Gabungkan keduanya dengan operasi penjumlahan untuk membentuk bentuk aljabar yang benar. Secara konsep, ini berarti menulis $2x$ + $7$.\n\nCoba perbaiki jawabanmu dengan memperhatikan petunjuk di atas. Kamu bisa mencoba lagi!""
}","{'Feedback Type': 'Response Contingent', 'Feedback': ""Hebat kamu mencoba! Dari jawabanmu 2(x+7), sepertinya ada kekeliruan dalam membaca kalimat masalah.\n\n- Perhatikan arti kalimat: 'jumlah dari dua kali x dan 7' berarti ada dua bagian yang dijumlahkan, yaitu:\n  â€¢ bagian pertama: dua kali x (yang artinya $2x$)\n  â€¢ bagian kedua: 7\n- Kedua bagian ini seharusnya dijumlahkan, bukan dikalikan satu sama lain. Menuliskan sebagai 2(x+7) berarti seluruhnya dikalikan dua, sehingga hasilnya berbeda (misalnya distribusi akan memberi $2x + 14$).\n\nPetunjuk untuk mencoba lagi:\n- Tuliskan bagian-bagiannya secara terpisah: bagian pertama adalah $2x$, bagian kedua adalah $7$.\n- Gabungkan keduanya dengan operasi penjumlahan untuk membentuk bentuk aljabar yang benar. Secara konsep, ini berarti menulis $2x$ + $7$.\n\nCoba perbaiki jawabanmu dengan memperhatikan petunjuk di atas. Kamu bisa mencoba lagi!""}"
21,21,22,Sederhanakan: (x + 4)(x + 1),x^2 + 5x + 4,x^2 + 4x + 4,High,High,Delayed,Try again + Delayed Topic Contingent,"{
  ""Feedback Type"": ""Try again + Delayed Topic Contingent"",
  ""Feedback"": ""Bagus! Kamu sudah punya dasar yang kuat. Sekarang cek lagi langkah pembukaan ekspansi (FOIL) untuk (x+4)(x+1): First: $x \\times x = x^2$; Outer: $x \\times 1 = x$; Inner: $4 \\times x = 4x$; Last: $4 \\times 1 = 4$. Gabungkan hasilnya menjadi bentuk aljabar yang memiliki $x^2$, sebuah suku dengan $x$, dan konstanta. Karena ada dua suku bertanda $x$ (dari $x$ dan $4x$), jumlahkan koefisiennya. Pikirkan juga sifat distributif yang kamu sudah pelajari di Explorasi 4.2. Coba kerjakan lagi langkah-langkah tersebut dan tulis jawaban akhirnya. Jika masih ragu, kita review lagi konsep bentuk aljabar ekuivalen.""
}","{'Feedback Type': 'Try again + Delayed Topic Contingent', 'Feedback': 'Bagus! Kamu sudah punya dasar yang kuat. Sekarang cek lagi langkah pembukaan ekspansi (FOIL) untuk (x+4)(x+1): First: $x \\times x = x^2$; Outer: $x \\times 1 = x$; Inner: $4 \\times x = 4x$; Last: $4 \\times 1 = 4$. Gabungkan hasilnya menjadi bentuk aljabar yang memiliki $x^2$, sebuah suku dengan $x$, dan konstanta. Karena ada dua suku bertanda $x$ (dari $x$ dan $4x$), jumlahkan koefisiennya. Pikirkan juga sifat distributif yang kamu sudah pelajari di Explorasi 4.2. Coba kerjakan lagi langkah-langkah tersebut dan tulis jawaban akhirnya. Jika masih ragu, kita review lagi konsep bentuk aljabar ekuivalen.'}"
22,22,23,Hasil dari 2x^2 + 3x â€“ 5 jika x = â€“1 adalah....,-6,2x^2 + 8x â€“ 4,Low,Low,Immediate,Response Contingent,"{
  ""Feedback Type"": ""Response Contingent"",
  ""Feedback"": ""Terima kasih sudah mencoba. Kamu menuliskan bentuk aljabar sebagai jawaban, padahal soal ini meminta nilai numeriknya saat x = -1. Coba gunakan langkah substitusi berikut ya:\n\n- Ganti x dengan -1 pada ekspresi: $2x^2 + 3x - 5$ â†’ $2(-1)^2 + 3(-1) - 5$.\n- Hitung bagian per bagian: $(-1)^2 = 1$, sehingga $2(-1)^2 = 2$; $3(-1) = -3$; konstanta tetap $-5$.\n- Gabungkan hasil-hasilnya: $2$, $-3$, dan $-5$.\n\nDengan langkah-langkah tersebut kamu bisa mendapatkan nilai akhir ekspresi. Coba kerjakan lagi sekarang dengan panduan ini. Jika masih bingung, kita bisa ulas kembali konsep substitusi variabel pada Latihan 4.1 untuk memperkuat kepahamanmu. Latihan 4.1 membantu kamu memahami bagaimana suku-suku, koefisien, variabel, dan konstanta bekerja saat mengganti variabel dengan nilai angka seperti pada contoh ini. Semangat!""
}","{'Feedback Type': 'Response Contingent', 'Feedback': 'Terima kasih sudah mencoba. Kamu menuliskan bentuk aljabar sebagai jawaban, padahal soal ini meminta nilai numeriknya saat x = -1. Coba gunakan langkah substitusi berikut ya:\n\n- Ganti x dengan -1 pada ekspresi: $2x^2 + 3x - 5$ â†’ $2(-1)^2 + 3(-1) - 5$.\n- Hitung bagian per bagian: $(-1)^2 = 1$, sehingga $2(-1)^2 = 2$; $3(-1) = -3$; konstanta tetap $-5$.\n- Gabungkan hasil-hasilnya: $2$, $-3$, dan $-5$.\n\nDengan langkah-langkah tersebut kamu bisa mendapatkan nilai akhir ekspresi. Coba kerjakan lagi sekarang dengan panduan ini. Jika masih bingung, kita bisa ulas kembali konsep substitusi variabel pada Latihan 4.1 untuk memperkuat kepahamanmu. Latihan 4.1 membantu kamu memahami bagaimana suku-suku, koefisien, variabel, dan konstanta bekerja saat mengganti variabel dengan nilai angka seperti pada contoh ini. Semangat!'}"
23,23,24,"Nilai dari (x^2 â€“ y^2) saat x = 5, y = 3 adalah....",16,10,Low,Low,Immediate,Response Contingent,"{
  ""Feedback Type"": ""Response Contingent"",
  ""Feedback"": ""Wah, kamu menjawab 10 untuk nilai $(x^2 - y^2)$ dengan $x=5$ dan $y=3$. Ayo kita cek langkahnya bersama-sama supaya kamu bisa menemukan bagian yang mungkin keliru. \n\n Langkah yang bisa kamu ikuti:\n 1) Ganti variabel dengan bilangan yang diberikan: $(x^2 - y^2) \\rightarrow (5)^2 - (3)^2$.\n 2) Hitung kuadrat masing-masing bilangan: $5^2$ dan $3^2$.\n 3) Lakukan pengurangan antara hasil kuadratnya: selisih keduanya.\n\n Jika kamu ingin alternatif cek, ingat ada identitas $x^2 - y^2 = (x - y)(x + y)$. Substitusi $x=5$, $y=3$ menjadi $(5-3)(5+3)$, lalu hitung hasilnya. Coba jawab lagi dengan langkah-langkah tersebut. \n\n Kamu bisa kirim jawabanmu lagi setelah mencoba langkah-langkah ini.""
}","{'Feedback Type': 'Response Contingent', 'Feedback': 'Wah, kamu menjawab 10 untuk nilai $(x^2 - y^2)$ dengan $x=5$ dan $y=3$. Ayo kita cek langkahnya bersama-sama supaya kamu bisa menemukan bagian yang mungkin keliru. \n\n Langkah yang bisa kamu ikuti:\n 1) Ganti variabel dengan bilangan yang diberikan: $(x^2 - y^2) \\\rightarrow (5)^2 - (3)^2$.\n 2) Hitung kuadrat masing-masing bilangan: $5^2$ dan $3^2$.\n 3) Lakukan pengurangan antara hasil kuadratnya: selisih keduanya.\n\n Jika kamu ingin alternatif cek, ingat ada identitas $x^2 - y^2 = (x - y)(x + y)$. Substitusi $x=5$, $y=3$ menjadi $(5-3)(5+3)$, lalu hitung hasilnya. Coba jawab lagi dengan langkah-langkah tersebut. \n\n Kamu bisa kirim jawabanmu lagi setelah mencoba langkah-langkah ini.'}"
24,24,25,Bentuk sederhana dari 4x â€“ [2x â€“ (x â€“ 3)] adalah....,3x + 3,3x - 3,Low,High,Immediate,Response Contingent,,
25,25,26,Hasil dari (a â€“ 2)(a + 2) adalah....,a^2 â€“ 4,a^2 + 4,Low,High,Immediate,Response Contingent,"{
  ""Feedback Type"": ""Response Contingent"",
  ""Feedback"": ""Keren kamu sudah mencoba jawaban. Namun jawabanmu $a^2 + 4$ tidak tepat untuk ekspresi $(a-2)(a+2)$. Coba cek lagi dengan pendekatan yang melibatkan sifat distributif. \n\nLangkah yang bisa dicoba:\n- Gunakan distributif: $(a-2)(a+2) = a(a+2) - 2(a+2)$.\n- Amati adanya suku $+2a$ dan $-2a$ yang saling berlawanan; jika kita gabungkan secara penuh, suku-suku bertanda $a$ bisa saling menghilang.\n\nUntuk membantu memeriksa pola, kamu bisa uji dengan nilai tertentu. Misalnya ketika $a=3$, hitung langsung $(3-2)(3+2)$ dan bandingkan dengan cara lain. Kamu mungkin melihat bahwa hasilnya tidak sesuai dengan jawaban yang kamu tulis.\n\nCobalah ulang jawabanmu dengan langkah-langkah di atas. Jika ingin, saya bisa membimbing langkah demi langkah tanpa langsung memberi jawaban akhirnya."" 
}","{'Feedback Type': 'Response Contingent', 'Feedback': 'Keren kamu sudah mencoba jawaban. Namun jawabanmu $a^2 + 4$ tidak tepat untuk ekspresi $(a-2)(a+2)$. Coba cek lagi dengan pendekatan yang melibatkan sifat distributif. \n\nLangkah yang bisa dicoba:\n- Gunakan distributif: $(a-2)(a+2) = a(a+2) - 2(a+2)$.\n- Amati adanya suku $+2a$ dan $-2a$ yang saling berlawanan; jika kita gabungkan secara penuh, suku-suku bertanda $a$ bisa saling menghilang.\n\nUntuk membantu memeriksa pola, kamu bisa uji dengan nilai tertentu. Misalnya ketika $a=3$, hitung langsung $(3-2)(3+2)$ dan bandingkan dengan cara lain. Kamu mungkin melihat bahwa hasilnya tidak sesuai dengan jawaban yang kamu tulis.\n\nCobalah ulang jawabanmu dengan langkah-langkah di atas. Jika ingin, saya bisa membimbing langkah demi langkah tanpa langsung memberi jawaban akhirnya.'}"
26,26,27,"Jika x = â€“1, maka nilai dari x^3 â€“ 2x^2 + x adalah....",-2,-4,High,Low,Immediate,Topic Contingent,"{
  ""Feedback Type"": ""Topic Contingent"",
  ""Feedback"": ""Bagus! Jawabanmu untuk x = -1 pada bentuk aljabar $x^3 - 2x^2 + x$ sudah benar. Perhatikan ada solusi pada soal yang tertera (-2) yang tidak akurat; jangan terlalu mengikutinya tanpa memeriksa langkah-langkahnya. Saat mengevaluasi bentuk aljabar seperti ini, fokus pada langkah-langkah berikut: \n- Ganti variabel dengan nilai yang diberikan: $x = -1$. \n- Evaluasi setiap suku satu per satu: $x^3$, $-2x^2$, dan $x$. \n- Lakukan urutan operasi: pangkat dulu, kemudian perkalian, lalu penjumlahan (atau pengurangan). \n- Akhiri dengan jumlah ketiga hasil suku tersebut: setiap suku dievaluasi lalu dijumlahkan. \nKamu bisa menuliskan langkah-langkah ini secara singkat untuk memeriksa jawabanmu. Jika ingin, kita bisa latihan lagi dengan nilai x yang berbeda untuk membangun ketepatannya, misalnya evaluasi bentuk yang sama untuk $x = 2$ dan $x = 0$.""
}","{'Feedback Type': 'Topic Contingent', 'Feedback': 'Bagus! Jawabanmu untuk x = -1 pada bentuk aljabar $x^3 - 2x^2 + x$ sudah benar. Perhatikan ada solusi pada soal yang tertera (-2) yang tidak akurat; jangan terlalu mengikutinya tanpa memeriksa langkah-langkahnya. Saat mengevaluasi bentuk aljabar seperti ini, fokus pada langkah-langkah berikut: \n- Ganti variabel dengan nilai yang diberikan: $x = -1$. \n- Evaluasi setiap suku satu per satu: $x^3$, $-2x^2$, dan $x$. \n- Lakukan urutan operasi: pangkat dulu, kemudian perkalian, lalu penjumlahan (atau pengurangan). \n- Akhiri dengan jumlah ketiga hasil suku tersebut: setiap suku dievaluasi lalu dijumlahkan. \nKamu bisa menuliskan langkah-langkah ini secara singkat untuk memeriksa jawabanmu. Jika ingin, kita bisa latihan lagi dengan nilai x yang berbeda untuk membangun ketepatannya, misalnya evaluasi bentuk yang sama untuk $x = 2$ dan $x = 0$.'}"
27,27,28,Sederhanakan: â€“3(x â€“ 2) + 2(x + 1),â€“x + 4,-x + 8,Low,Low,Immediate,Response Contingent,"{
  ""Feedback Type"": ""Response Contingent"",
  ""Feedback"": ""Wah, jawabanmu -x + 8 sudah tepat untuk penyederhanaan ekspresi berikut. Ayo kita cek langkahnya agar kamu bisa melihat mengapa benar.\n\n- Distribusikan tanda di kurung: $-3(x-2) = -3x + 6$ dan $2(x+1) = 2x + 2$.\n- Gabungkan suku-suku sejenis: $(-3x + 6) + (2x + 2) = (-3x + 2x) + (6 + 2) = -x + 8$.\n\nInti dari penyederhanaan itu adalah pastikan tanda pada koefisien x dan konstanta benar saat melakukan distributif, lalu jumlahkan koefisien yang sejenis.\n\nKalau ada sumber solusi yang menuliskan -x + 4, mungkin itu salah cetak atau salah baca. Sekarang langkah-langkahmu konsisten dengan perhitungan distributif.\n\nTips latihan: coba sederhanakan soal mirip berikut dengan langkah yang sama, lalu kirim jawaban langkahmu ya supaya bisa kita cek bersama:\n- $-4(x-3) + 3(x+2)$\n- $-5(x-1) + 4(x+5)$\n\nTerus latihan ya! Kamu bisa!""
}","{'Feedback Type': 'Response Contingent', 'Feedback': 'Wah, jawabanmu -x + 8 sudah tepat untuk penyederhanaan ekspresi berikut. Ayo kita cek langkahnya agar kamu bisa melihat mengapa benar.\n\n- Distribusikan tanda di kurung: $-3(x-2) = -3x + 6$ dan $2(x+1) = 2x + 2$.\n- Gabungkan suku-suku sejenis: $(-3x + 6) + (2x + 2) = (-3x + 2x) + (6 + 2) = -x + 8$.\n\nInti dari penyederhanaan itu adalah pastikan tanda pada koefisien x dan konstanta benar saat melakukan distributif, lalu jumlahkan koefisien yang sejenis.\n\nKalau ada sumber solusi yang menuliskan -x + 4, mungkin itu salah cetak atau salah baca. Sekarang langkah-langkahmu konsisten dengan perhitungan distributif.\n\nTips latihan: coba sederhanakan soal mirip berikut dengan langkah yang sama, lalu kirim jawaban langkahmu ya supaya bisa kita cek bersama:\n- $-4(x-3) + 3(x+2)$\n- $-5(x-1) + 4(x+5)$\n\nTerus latihan ya! Kamu bisa!'}"
28,28,29,"Jika a = 2, b = â€“1, maka nilai dari a^2 + ab â€“ b^2 adalah....",1,5,High,High,Immediate,Try again + Delayed Topic Content,"{
  ""Feedback Type"": ""Try again + Delayed Topic Content"",
  ""Feedback"": ""Wah, nilai jawabanmu menunjukkan ada perbedaan dengan hasil yang benar. Kamu tampak sudah menguasai konsep, jadi ayo kita cek bagian yang sering bikin salah: tanda pada suku-suku di bentuk aljabar.\n\nLangkah yang bisa kamu lakukan sekarang:\n- Gantilah variabel: a = 2 dan b = -1 pada bentuk aljabar berikut: $a^2 + ab - b^2$.\n- Hitung tiap bagian satu per satu, namun perhatikan tanda:\n  - bagian pertama adalah $a^2$\n  - bagian kedua adalah $ab$\n  - bagian ketiga adalah $-b^2$ (ingat ada tanda minus di depan $b^2$).\n- Gabungkan ketiga bagian tersebut dengan urutan yang benar.\n\nTips tambahan:\n- Karena kamu melihat soal evaluasi bentuk aljabar, ingat bahwa tanda negatif di depan suatu suku mengubah arah penjumlahan bagian itu.\n- Latihan terkait yang bisa kamu manfaatkan untuk memperkuat konsep evaluasi bentuk aljabar adalah Latihan 4.1 bagian 2, di mana kamu mengganti variabel dan menentukan nilai bentuk aljabar untuk nilai tertentu (contohnya ketika m = 3).\n\nCoba kerjakan langkah-langkah di atas dan kirim langkah-langkahmu kembali. Jika perlu, saya bisa cek langkah-langkahnya bersama kamu. \n\nEkspresi yang kamu lihat: $a^2 + ab - b^2$ dengan $a=2$, $b=-1$.""
}","{'Feedback Type': 'Try again + Delayed Topic Content', 'Feedback': 'Wah, nilai jawabanmu menunjukkan ada perbedaan dengan hasil yang benar. Kamu tampak sudah menguasai konsep, jadi ayo kita cek bagian yang sering bikin salah: tanda pada suku-suku di bentuk aljabar.\n\nLangkah yang bisa kamu lakukan sekarang:\n- Gantilah variabel: a = 2 dan b = -1 pada bentuk aljabar berikut: $a^2 + ab - b^2$.\n- Hitung tiap bagian satu per satu, namun perhatikan tanda:\n  - bagian pertama adalah $a^2$\n  - bagian kedua adalah $ab$\n  - bagian ketiga adalah $-b^2$ (ingat ada tanda minus di depan $b^2$).\n- Gabungkan ketiga bagian tersebut dengan urutan yang benar.\n\nTips tambahan:\n- Karena kamu melihat soal evaluasi bentuk aljabar, ingat bahwa tanda negatif di depan suatu suku mengubah arah penjumlahan bagian itu.\n- Latihan terkait yang bisa kamu manfaatkan untuk memperkuat konsep evaluasi bentuk aljabar adalah Latihan 4.1 bagian 2, di mana kamu mengganti variabel dan menentukan nilai bentuk aljabar untuk nilai tertentu (contohnya ketika m = 3).\n\nCoba kerjakan langkah-langkah di atas dan kirim langkah-langkahmu kembali. Jika perlu, saya bisa cek langkah-langkahnya bersama kamu. \n\nEkspresi yang kamu lihat: $a^2 + ab - b^2$ dengan $a=2$, $b=-1$.'}"
29,29,30,Nilai dari (2x + 1)(x â€“ 4) jika x = 3 adalah....,-5,-14,High,Low,Immediate,Topic Contingent,"{
  ""Feedback Type"": ""Topic Contingent"",
  ""Feedback"": ""Hebat kamu punya dasar yang kuat untuk aljabar. Jawabanmu sekarang (-14) belum tepat untuk ekspresi di soal. Yuk kita ulang langkahnya dengan fokus pada substitusi dulu, baru perkalian.\n\nLangkah yang perlu dicek:\n- Tetapkan fungsi f(x) = (2x + 1)(x âˆ’ 4).\n- Substitusikan x = 3: f(3) = (2Â·3 + 1)(3 âˆ’ 4).\n- Lakukan evaluasi secara bertahap: perhatikan bahwa (3 âˆ’ 4) bernilai negatif, sehingga hasil akhirnya akan dipengaruhi tanda tersebut.\n\nTips praktis:\n- Ganti x dengan angka 3 di setiap bagian ekspresi terlebih dahulu, lalu kalikan hasil kedua bagian tersebut.\n- Periksa tanda minus pada bagian (x âˆ’ 4) karena x tidak sama dengan 4.\n\nCoba kerjakan lagi dan kirim jawabanmu. Kamu bisa mencoba lagi beberapa kali; saya akan bantu mengecek langkah-langkahmu dan pastikan arah jawaban akhirnya jelas.""
}","{'Feedback Type': 'Topic Contingent', 'Feedback': 'Hebat kamu punya dasar yang kuat untuk aljabar. Jawabanmu sekarang (-14) belum tepat untuk ekspresi di soal. Yuk kita ulang langkahnya dengan fokus pada substitusi dulu, baru perkalian.\n\nLangkah yang perlu dicek:\n- Tetapkan fungsi f(x) = (2x + 1)(x âˆ’ 4).\n- Substitusikan x = 3: f(3) = (2Â·3 + 1)(3 âˆ’ 4).\n- Lakukan evaluasi secara bertahap: perhatikan bahwa (3 âˆ’ 4) bernilai negatif, sehingga hasil akhirnya akan dipengaruhi tanda tersebut.\n\nTips praktis:\n- Ganti x dengan angka 3 di setiap bagian ekspresi terlebih dahulu, lalu kalikan hasil kedua bagian tersebut.\n- Periksa tanda minus pada bagian (x âˆ’ 4) karena x tidak sama dengan 4.\n\nCoba kerjakan lagi dan kirim jawabanmu. Kamu bisa mencoba lagi beberapa kali; saya akan bantu mengecek langkah-langkahmu dan pastikan arah jawaban akhirnya jelas.'}"
30,30,31,Sederhanakan: (5x + 2) â€“ (2x â€“ 3),3x + 5,3x - 1,High,High,Delayed,Try again + Delayed Topic Contingent,"{
  ""Feedback Type"": ""Try again + Delayed Topic Contingent"",
  ""Feedback"": ""Kamu menjawab 3x - 1, padahal jawaban yang benar tidak seperti itu. Kesalahanmu terjadi pada tanda minus di depan kurung kedua. Perhatikan aturan tanda negatif: ketika ada bentuk seperti (A) - (B), tanda negatif di depan (B) mengubah tanda semua suku di dalamnya. Contohnya, $-(2x - 3) = -2x + 3$.\n\nCoba kerjakan lagi dengan langkah-langkah berikut:\n1) Ubah kurung kedua dengan tanda yang benar: $(5x + 2) - (2x - 3)$ menjadi $(5x + 2) + (-2x + 3)$.\n2) Gabungkan suku-suku sejenis: bagian variabel ($5x$ dan $-2x$) serta bagian konstanta ($2$ dan $3$).\n\nLatihan seperti ini juga relevan dengan Latihan 4.1 yang membahas suku-suku, koefisien, variabel, dan konstanta. Coba kerjakan lagi ya; kalau kamu ingin, aku bisa kasih latihan serupa untuk kamu praktikkan langkah-langkahnya.""
}","{'Feedback Type': 'Try again + Delayed Topic Contingent', 'Feedback': 'Kamu menjawab 3x - 1, padahal jawaban yang benar tidak seperti itu. Kesalahanmu terjadi pada tanda minus di depan kurung kedua. Perhatikan aturan tanda negatif: ketika ada bentuk seperti (A) - (B), tanda negatif di depan (B) mengubah tanda semua suku di dalamnya. Contohnya, $-(2x - 3) = -2x + 3$.\n\nCoba kerjakan lagi dengan langkah-langkah berikut:\n1) Ubah kurung kedua dengan tanda yang benar: $(5x + 2) - (2x - 3)$ menjadi $(5x + 2) + (-2x + 3)$.\n2) Gabungkan suku-suku sejenis: bagian variabel ($5x$ dan $-2x$) serta bagian konstanta ($2$ dan $3$).\n\nLatihan seperti ini juga relevan dengan Latihan 4.1 yang membahas suku-suku, koefisien, variabel, dan konstanta. Coba kerjakan lagi ya; kalau kamu ingin, aku bisa kasih latihan serupa untuk kamu praktikkan langkah-langkahnya.'}"
31,31,32,"Jika x = 3 dan y = 2, maka nilai dari x^2 â€“ y^2 adalah...",5,13,High,Low,Immediate,Topic Contingent,"{
  ""Feedback Type"": ""Topic Contingent"",
  ""Feedback"": ""Hai! Sepertinya tanda antara kuadrat bilangan belum tepat. Pada soal ini, kita pakai bentuk $x^2 - y^2$, artinya kuadrat x dikurangi kuadrat y. Coba cek lagi apakah kamu menjumlahkan kuadratnya menjadi $x^2 + y^2$ â€” itu berbeda. Untuk menguatkan konsep, ingat rumus penting $a^2 - b^2 = (a - b)(a + b)$, atau kamu juga bisa fokus pada langkah langsung: hitung $x^2$ dan $y^2$, lalu kurangi keduanya. Coba lagi ya, kamu bisa! Jika mau, jelaskan langkah-langkah yang kamu pakai agar kita cek bareng.""
}","{'Feedback Type': 'Topic Contingent', 'Feedback': 'Hai! Sepertinya tanda antara kuadrat bilangan belum tepat. Pada soal ini, kita pakai bentuk $x^2 - y^2$, artinya kuadrat x dikurangi kuadrat y. Coba cek lagi apakah kamu menjumlahkan kuadratnya menjadi $x^2 + y^2$ â€” itu berbeda. Untuk menguatkan konsep, ingat rumus penting $a^2 - b^2 = (a - b)(a + b)$, atau kamu juga bisa fokus pada langkah langsung: hitung $x^2$ dan $y^2$, lalu kurangi keduanya. Coba lagi ya, kamu bisa! Jika mau, jelaskan langkah-langkah yang kamu pakai agar kita cek bareng.'}"
32,32,33,Bentuk sederhana dari 2(x + y) â€“ 3(x â€“ y) adalah....,â€“x + 5y,-x - y,High,High,Immediate,Try again + Delayed Topic Content,,
33,33,34,Hasil dari 3a(2a â€“ 1) adalah....,6a^2 â€“ 3a,6a^2 â€“ 1,Low,High,Immediate,Response Contingent,"{
  ""Feedback Type"": ""Response Contingent"",
  ""Feedback"": ""Kamu sudah mulai mencoba soal deret aritmetika, mantap. Kemungkinan jawabanmu belum menggunakan rumus jumlah deret dengan tepat atau belum menuliskan bagaimana S5 dihitung. Yuk kita lihat langkah yang tepat tanpa memberikan jawaban langsung.\n\nLangkah-langkah yang bisa kamu ikuti:\n- Gunakan rumus jumlah deret aritmetika: $S_n = \\frac{n}{2}\\,[2a_1 + (n-1)d]$.\n- Untuk n = 5, tulis $S_5 = \\frac{5}{2}\\,[2a_1 + (5-1)d]$.\n- Karena $S_5 = 70$, kita punya $70 = \\frac{5}{2}\\,[2a_1 + 4d]$.\n- Kalikan kedua sisi dengan \\frac{2}{5}: $14 = 2a_1 + 4d$.\n- Sederhanakan menjadi $a_1 + 2d = 14$.\n- Dengan hanya satu persamaan untuk dua variabel (a_1 dan d), kita tidak bisa menentukan nilai keduanya secara unik. Kamu perlu informasi tambahan seperti nilai suku pertama $a_1$ atau selisih $d$.\n\nTips tambahan:\n- Jika jawabanmu hanya angka 70, itu adalah jumlah suku pertama, bukan nilai dari suku pertama maupun selisihnya.\n- Cobalah tambahkan informasi lain atau gunakan persamaan lain untuk melengkapi, lalu kirim jawabanmu lagi.\n\nCoba lagi ya dengan menuliskan langkah-langkah seperti di atas, dan jangan ragu untuk mengajukan bagian mana yang membingungkanmu."" 
}",
34,34,35,"Jika x = 0, y = 3, maka nilai dari 4x â€“ y^2 adalah....",-9,-12,High,Low,Immediate,Topic Contingent,"{
  ""Feedback Type"": ""Topic Contingent"",
  ""Feedback"": ""Hai! Kamu sudah mencoba menjawab soal evaluasi bentuk aljabar, tapi jawabannya -12 belum tepat untuk nilai x = 0 dan y = 3. Ayo kita perbaiki langkah-langkahnya.\n\nTopik yang dipelajari: evaluasi bentuk aljabar dengan substitusi.\n\nLangkah-langkah yang perlu diperiksa:\n- Tuliskan ekspresi yang akan dievaluasi: $4x - y^2$ dengan substitusi $x=0$, $y=3$.\n- Substitusi bagian pertama: $4x$ becomes $4 \\cdot 0 = 0$.\n- Substitusi bagian kedua: $y^2$ dengan $y=3$ adalah $(3)^2 = 9$.\n- Lakukan operasi: substitusi sehingga Anda memiliki $0 - 9$.\n\nCoba jawab lagi dengan mengikuti langkah-langkah di atas. Jika mau, kamu bisa kirim jawabanmu setelah mencoba lagi dan aku akan cek bersama kamu. Kesalahan umum yang sering terjadi adalah lupa membesarkan kuadrat pada y atau salah menaruh tanda antara pengurangan.""
}",
35,35,36,Hasil dari â€“(3x â€“ 2) + (x + 5) adalah....,â€“2x + 7,-4x - 7,Low,High,Immediate,Response Contingent,"{
  ""Feedback Type"": ""Response Contingent"",
  ""Feedback"": ""Mantap sudah mencoba, tetapi jawabanmu -4x - 7 tidak sesuai dengan ekspresi yang diberikan. Coba lihat bagaimana tanda negatif diterapkan pada suku-suku di dalam kurung dan bagaimana kita menggabungkan suku-suku sejenis.\n\nLangkah yang bisa kamu coba:\n- Distribusikan tanda minus ke dalam kurung pertama: $-(3x - 2)$ seharusnya menjadi $-3x + 2$ (bukan $-3x - 2$).\n- Tambahkan bagian kedua: $+(x + 5)$.\n- Gabungkan suku-suku sejenis (koefisien x bersama-sama, konstanta bersama-sama).\n\nDengan mengikuti langkah-langkah ini, kamu menggunakan bentuk aljabar $-(3x - 2) + (x + 5)$ secara benar.\n\nTip latihan: saat menuliskan, kamu bisa membuat dua kolom kecil untuk memisahkan koefisien x dan konstanta, lalu jumlahkan masing-masing bagian.\n\nCoba kerjakan lagi ya. Kamu bisa mengirim jawaban yang sudah diperbaiki setelah memeriksa langkah-langkah di atas. Untuk mengecek, kamu juga bisa mencoba substitusi nilai sederhana seperti $x=1$ pada ekspresi asli untuk melihat apakah responsmu konsisten dengan ekspresi tersebut.\n\nSemangat, kamu bisa mencoba lagi sekarang!""
}","{'Feedback Type': 'Response Contingent', 'Feedback': 'Mantap sudah mencoba, tetapi jawabanmu -4x - 7 tidak sesuai dengan ekspresi yang diberikan. Coba lihat bagaimana tanda negatif diterapkan pada suku-suku di dalam kurung dan bagaimana kita menggabungkan suku-suku sejenis.\n\nLangkah yang bisa kamu coba:\n- Distribusikan tanda minus ke dalam kurung pertama: $-(3x - 2)$ seharusnya menjadi $-3x + 2$ (bukan $-3x - 2$).\n- Tambahkan bagian kedua: $+(x + 5)$.\n- Gabungkan suku-suku sejenis (koefisien x bersama-sama, konstanta bersama-sama).\n\nDengan mengikuti langkah-langkah ini, kamu menggunakan bentuk aljabar $-(3x - 2) + (x + 5)$ secara benar.\n\nTip latihan: saat menuliskan, kamu bisa membuat dua kolom kecil untuk memisahkan koefisien x dan konstanta, lalu jumlahkan masing-masing bagian.\n\nCoba kerjakan lagi ya. Kamu bisa mengirim jawaban yang sudah diperbaiki setelah memeriksa langkah-langkah di atas. Untuk mengecek, kamu juga bisa mencoba substitusi nilai sederhana seperti $x=1$ pada ekspresi asli untuk melihat apakah responsmu konsisten dengan ekspresi tersebut.\n\nSemangat, kamu bisa mencoba lagi sekarang!'}"
36,36,37,"Jika a = 1 dan b = â€“3, maka nilai dari ab â€“ 2a + b adalah....",-4,-8,High,Low,Immediate,Topic Contingent,"{
  ""Feedback Type"": ""Topic Contingent"",
  ""Feedback"": ""Kerja bagus! Kamu menjawab -8 untuk ekspresi ab - 2a + b dengan a = 1 dan b = -3, dan jawabanmu itu benar. Sementara itu, solusi yang tertera -4 kemungkinan ada kekeliruan pada saat penjumlahan.\n\nLangkah-langkah yang bisa kamu lakukan untuk memeriksa:\n- Hitung ab: $ab = a \\cdot b = 1 \\cdot (-3) = -3$.\n- Hitung -2a: $-2a = -2 \\cdot 1 = -2$.\n- Tambahkan b: $b = -3$.\n- Gabungkan semuanya: $ab - 2a + b = (-3) + (-2) + (-3) = -8$.\n\nTip: selalu urutkan perhitungan sesuai urutan operasi (perkalian dulu, kemudian penjumlahan). Jika ragu, ganti nilai variabel dan cek apakah hasilnya konsisten.\n\nCoba latihan serupa untuk memperkuat: jika $a=2$ dan $b=-5$, hitung ekspresi $ab - 2a + b$ dan verifikasi jawabanmu.""
}",
37,37,38,Hasil dari (2x + 3)(x â€“ 1) adalah....,2x^2 + x â€“ 3,2x^2 + 5x - 3,High,High,Delayed,Try again + Delayed Topic Contingent,"{
  ""Feedback Type"": ""Try again + Delayed Topic Contingent"",
  ""Feedback"": ""Wah, kamu sudah mencoba. Kesempatan bagus! Namun ada kesalahan pada koefisien di suku tengah. Saat mengalikan (2x+3)(x-1), gunakan sifat distributif: kalikan setiap suku di dalam kurung pertama dengan setiap suku di dalam kurung kedua, lalu gabungkan suku-suku sejenis. Contoh langkah jelas: $2x \\cdot x = 2x^2$, $2x \\cdot (-1) = -2x$, $3 \\cdot x = 3x$, $3 \\cdot (-1) = -3$. Kemudian gabungkan -2x dan 3x untuk mendapatkan koefisien x yang tepat (bukan 5x). Coba perbaiki jawabanmu dengan mengikuti langkah-langkah di atas. Latihan 4.1 bagian 1-2 juga bisa membantumu memperkuat konsep suku-suku, koefisien, variabel, dan konstanta. Jika siap, kamu bisa mengirim jawaban perbaikanmu dan kita cek lagi.""
}",
38,38,39,Nilai dari 2(x â€“ 1) + 3(x + 4) adalah....,5x + 8,5x + 10,High,Low,Immediate,Topic Contingent,"{
  ""Feedback Type"": ""Topic Contingent"",
  ""Feedback"": ""Mantap! Jawaban kamu 5x + 10 sudah benar. Kamu sudah menerapkan konsep distributif dengan tepat dan menggabungkan suku-suku sejenis dengan benar. Perhatikan juga bagian solusi yang diberi di awal masalah (5x + 8); tampaknya ada kesalahan pada penjumlahan konstanta. Untuk memperkuat pemahaman, lihat lagi cara kerja distribusi pada masing-masing kurung dan bagaimana kita menggabungkan suku-suku sejenis.\n\nLangkah yang bisa kamu cek:\n- Gunakan sifat distributif: $2(x-1) = 2x - 2$ dan $3(x+4) = 3x + 12$.\n- Gabungkan suku-suku sejenis: koefisien x berasal dari jumlah koefisien di kedua bagian, sedangkan konstanta berasal dari jumlah konstanta di kedua bagian.\n\nTip belajar: cek jawaban dengan mengganti x dengan nilai sederhana seperti x = 0 atau x = 1 untuk melihat apakah nilai keseluruhan ekspresi konsisten dengan jawaban yang kamu tulis. Jika ada perbedaan, periksa kembali langkah distributif dan penjumlahanmu.""
}","{'Feedback Type': 'Topic Contingent', 'Feedback': 'Mantap! Jawaban kamu 5x + 10 sudah benar. Kamu sudah menerapkan konsep distributif dengan tepat dan menggabungkan suku-suku sejenis dengan benar. Perhatikan juga bagian solusi yang diberi di awal masalah (5x + 8); tampaknya ada kesalahan pada penjumlahan konstanta. Untuk memperkuat pemahaman, lihat lagi cara kerja distribusi pada masing-masing kurung dan bagaimana kita menggabungkan suku-suku sejenis.\n\nLangkah yang bisa kamu cek:\n- Gunakan sifat distributif: $2(x-1) = 2x - 2$ dan $3(x+4) = 3x + 12$.\n- Gabungkan suku-suku sejenis: koefisien x berasal dari jumlah koefisien di kedua bagian, sedangkan konstanta berasal dari jumlah konstanta di kedua bagian.\n\nTip belajar: cek jawaban dengan mengganti x dengan nilai sederhana seperti x = 0 atau x = 1 untuk melihat apakah nilai keseluruhan ekspresi konsisten dengan jawaban yang kamu tulis. Jika ada perbedaan, periksa kembali langkah distributif dan penjumlahanmu.'}"
39,39,40,Sederhanakan: 5m â€“ (2m â€“ 4),3m + 4,3m - 4,High,High,Immediate,Try again + Delayed Topic Content,"{
  ""Feedback Type"": ""Try again + Delayed Topic Content"",
  ""Feedback"": ""Wah, kamu hampir benar. Kamu menulis jawaban 3m - 4, tapi sepertinya terjadi kesalahan saat menangani tanda minus di depan kurung. Saat kita mengurangi kurung, tanda pada setiap suku di dalam kurung berubah menjadi negatif. Coba terapkan aturan ini pada bentuk: $5m - (2m - 4)$. Ubah menjadi $5m - 2m + 4$ (tanda di dalam kurung dikembangkan). Setelah itu gabungkan suku-suku sejenis ($m$ dengan $m$, konstanta dengan konstanta) untuk mendapatkan bentuk yang lebih sederhana. Latihannya bisa membantu mengingat definisi suku-suku, koefisien, variabel, dan konstanta, serta aturan operasi pada kurung. Latihan 4.1 bagian 1â€“2 relevan untuk ini. Coba lagi ya, kirim jawabanmu setelah langkah-langkah diperbaiki. Jika perlu, aku bisa cek langkah-langkahmu.""
}","{'Feedback Type': 'Try again + Delayed Topic Content', 'Feedback': 'Wah, kamu hampir benar. Kamu menulis jawaban 3m - 4, tapi sepertinya terjadi kesalahan saat menangani tanda minus di depan kurung. Saat kita mengurangi kurung, tanda pada setiap suku di dalam kurung berubah menjadi negatif. Coba terapkan aturan ini pada bentuk: $5m - (2m - 4)$. Ubah menjadi $5m - 2m + 4$ (tanda di dalam kurung dikembangkan). Setelah itu gabungkan suku-suku sejenis ($m$ dengan $m$, konstanta dengan konstanta) untuk mendapatkan bentuk yang lebih sederhana. Latihannya bisa membantu mengingat definisi suku-suku, koefisien, variabel, dan konstanta, serta aturan operasi pada kurung. Latihan 4.1 bagian 1â€“2 relevan untuk ini. Coba lagi ya, kirim jawabanmu setelah langkah-langkah diperbaiki. Jika perlu, aku bisa cek langkah-langkahmu.'}"
40,40,41,"Bentuk aljabar dari ""tiga kali jumlah p dan q"" adalah....",3(p + q),3p + q,High,Low,Immediate,Topic Contingent,"{
  ""Feedback Type"": ""Topic Contingent"",
  ""Feedback"": ""Wah, kamu sudah mulai mencoba bentuk aljabar dengan tepat. Namun jawabanmu 3p + q tidak sesuai dengan arti frasa â€œtiga kali jumlah p dan qâ€. Ini karena pernyataan tersebut seharusnya menggunakan sifat distributif: mengalikan 3 ke setiap unsur di dalam jumlah (p + q). Sehingga, secara konsep kita perlu menerapkan aturan a(b + c) = ab + ac, contohnya $a(b+c) = ab + ac$.\n\nLangkah yang bisa kamu gunakan sekarang (tanpa langsung menuliskan hasil akhirnya):\n1) Tulis bentuk yang ingin kamu kalikan: $3(p+q)$.\n2) Distribusikan 3 ke kedua unsur dalam kurung, yakni menghasilkan dua bagian perkalian: $3\\cdot p$ dan $3\\cdot q$.\n3) Gabungkan kedua bagian tersebut sebagai jumlah.\n\nUntuk memastikan, kamu bisa mencoba mengganti p dan q dengan nilai sederhana untuk melihat apakah jawabanmu mengikuti pola distribusi. Kalau masih bingung, coba tuliskan kembali langkah-langkahnya dan kirim lagi ya. Kamu bisa mencoba lagi sekarang.""
}",
41,41,42,Nilai dari (2x^2 â€“ 3x + 1) saat x = 1 adalah....,2,1,Low,Low,Immediate,Response Contingent,"{
  ""Feedback Type"": ""Response Contingent"",
  ""Feedback"": ""Bagus kamu mencoba! Jawabanmu saat ini yaitu 1 tidak sesuai dengan langkah evaluasi ekspresi. Ayo kita cek bersama-sama secara bertahap.\n\nSubstitusikan x = 1 ke ekspresi: $2x^2 - 3x + 1$ menjadi $2(1)^2 - 3(1) + 1$.\nLangkah yang bisa kamu ikuti:\n- Cek bagian $2x^2$ saat x = 1: $2(1)^2$ = ?\n- Cek bagian $-3x$ saat x = 1: $-3(1)$ = ?\n- Tambahkan konstanta +1 di ujungnya: +1 = ?\n- Gabungkan ketiga hasilnya dengan tanda yang benar (ingat urutan operasi penjumlahan).\nJika ada salah tanda atau salah jumlah, hasil akhirnya bisa berbeda.\n\nCoba kerjakan lagi ya. Setelah selesai, kirim jawaban barumu dan aku bantu cek langkah-langkahnya.""
}","{'Feedback Type': 'Response Contingent', 'Feedback': 'Bagus kamu mencoba! Jawabanmu saat ini yaitu 1 tidak sesuai dengan langkah evaluasi ekspresi. Ayo kita cek bersama-sama secara bertahap.\n\nSubstitusikan x = 1 ke ekspresi: $2x^2 - 3x + 1$ menjadi $2(1)^2 - 3(1) + 1$.\nLangkah yang bisa kamu ikuti:\n- Cek bagian $2x^2$ saat x = 1: $2(1)^2$ = ?\n- Cek bagian $-3x$ saat x = 1: $-3(1)$ = ?\n- Tambahkan konstanta +1 di ujungnya: +1 = ?\n- Gabungkan ketiga hasilnya dengan tanda yang benar (ingat urutan operasi penjumlahan).\nJika ada salah tanda atau salah jumlah, hasil akhirnya bisa berbeda.\n\nCoba kerjakan lagi ya. Setelah selesai, kirim jawaban barumu dan aku bantu cek langkah-langkahnya.'}"
42,42,43,"Jika a = â€“3, maka nilai dari a^2 â€“ 4a adalah....",21,1,High,Low,Immediate,Topic Contingent,"{
  ""Feedback Type"": ""Topic Contingent"",
  ""Feedback"": ""Bagus kamu mencoba soal ini. Jawabanmu saat ini adalah 1, tetapi untuk soal ini kita mengevaluasi ekspresi dengan a = -3 melalui urutan operasi.\n\nLangkah yang bisa kamu pakai (tanpa memberikan jawaban akhirnya):\n- Ganti a dengan -3 di dalam bentuk $a^2 - 4a$, sehingga menjadi $(-3)^2 - 4(-3)$.\n- Patuhi urutan operasi: eksponen dulu, jadi hitung $(-3)^2$, lalu kalikan $-4(-3)$.\n- Terakhir jumlahkan hasil kedua bagian tersebut.\n\nMasalah umum yang sering membuat siswa salah adalah melewatkan tanda kurung pada $(-3)^2$ sehingga menuliskan $-3^2$, yang artinya $-(3^2)$, bukan $(-3)^2$.\n\nLatihan tambahan: coba evaluasi bentuk yang sama untuk nilai a yang berbeda (misalnya a = -2) untuk membiasakan diri dengan urutan operasi.\n\nAyo dicoba lagi ya, kirim jawaban barumu dengan langkah-langkah yang kamu pakai.""
}","{'Feedback Type': 'Topic Contingent', 'Feedback': 'Bagus kamu mencoba soal ini. Jawabanmu saat ini adalah 1, tetapi untuk soal ini kita mengevaluasi ekspresi dengan a = -3 melalui urutan operasi.\n\nLangkah yang bisa kamu pakai (tanpa memberikan jawaban akhirnya):\n- Ganti a dengan -3 di dalam bentuk $a^2 - 4a$, sehingga menjadi $(-3)^2 - 4(-3)$.\n- Patuhi urutan operasi: eksponen dulu, jadi hitung $(-3)^2$, lalu kalikan $-4(-3)$.\n- Terakhir jumlahkan hasil kedua bagian tersebut.\n\nMasalah umum yang sering membuat siswa salah adalah melewatkan tanda kurung pada $(-3)^2$ sehingga menuliskan $-3^2$, yang artinya $-(3^2)$, bukan $(-3)^2$.\n\nLatihan tambahan: coba evaluasi bentuk yang sama untuk nilai a yang berbeda (misalnya a = -2) untuk membiasakan diri dengan urutan operasi.\n\nAyo dicoba lagi ya, kirim jawaban barumu dengan langkah-langkah yang kamu pakai.'}"
43,43,44,"Jika x = 2, y = â€“1, maka nilai dari 3x â€“ 4y adalah....",10,14,Low,Low,Immediate,Response Contingent,"{
  ""Feedback Type"": ""Response Contingent"",
  ""Feedback"": ""Keren kamu mencoba soal ini. Nilai yang kamu tulis adalah 14, mari kita cek langkahnya lagi dengan lebih teliti. Ada kemungkinan salah pada tanda di bagian -4y atau cara kamu mengganti nilai y. Coba cek ulang dengan panduan berikut:\n\n- Tulis bentuk aljabar yang dievaluasi: $3x - 4y$.\n- Ganti variabel dengan nilai yang diberikan: $x = 2$, $y = -1$.\n- Hitung bagian-bagian secara terpisah (perhatikan tanda): $3x$ dan $-4y$.\n- Gabungkan hasilnya untuk mendapatkan nilai akhir.\n\nIngat, saat mengerjakan latihan seperti Latihan 4.1 bagian 2, langkah-langkah yang jelas dan perhatian pada tanda sangat membantu. Coba sekali lagi sekarang; kalau masih bingung, ceritakan langkah yang kamu tulis supaya aku bisa bantu luruskan bagian mana yang salah.""
}","{'Feedback Type': 'Response Contingent', 'Feedback': 'Keren kamu mencoba soal ini. Nilai yang kamu tulis adalah 14, mari kita cek langkahnya lagi dengan lebih teliti. Ada kemungkinan salah pada tanda di bagian -4y atau cara kamu mengganti nilai y. Coba cek ulang dengan panduan berikut:\n\n- Tulis bentuk aljabar yang dievaluasi: $3x - 4y$.\n- Ganti variabel dengan nilai yang diberikan: $x = 2$, $y = -1$.\n- Hitung bagian-bagian secara terpisah (perhatikan tanda): $3x$ dan $-4y$.\n- Gabungkan hasilnya untuk mendapatkan nilai akhir.\n\nIngat, saat mengerjakan latihan seperti Latihan 4.1 bagian 2, langkah-langkah yang jelas dan perhatian pada tanda sangat membantu. Coba sekali lagi sekarang; kalau masih bingung, ceritakan langkah yang kamu tulis supaya aku bisa bantu luruskan bagian mana yang salah.'}"
44,44,45,Hasil dari (x â€“ 3)(x + 3) adalah....,x^2 - 9,x^2 + 9,High,Low,Immediate,Topic Contingent,"{
  ""Feedback Type"": ""Topic Contingent"",
  ""Feedback"": ""Kamu punya dasar yang kuat, tapi jawaban x^2 + 9 menunjukkan pola yang kurang tepat untuk soal ini. Coba ingat lagi konsep yang relevan untuk bentuk (a-b)(a+b). Rumus pentingnya adalah $(a-b)(a+b) = a^2 - b^2$. Jika kita gunakan $a = x$ dan $b = 3$, pola ini menggiring kita untuk melihat bahwa dua suku silang akan berlawanan tanda sehingga menghasilkan perbedaan kuadrat, bukan jumlah kuadrat. Coba lagi dengan fokus pada bagaimana tanda antara bagian pertama dan kedua memengaruhi hasilnya. Langkah belajar yang bisa kamu pakai: gunakan rumus perbedaan kuadrat sebagai panduan umum, lalu terapkan pada kasus ini tanpa mengubah tanda secara sembarangan. Jika kamu ingin, aku bisa membimbing langkah demi langkah secara perlahan sampai kamu merasa nyaman dengan pola ini.""
}","{'Feedback Type': 'Topic Contingent', 'Feedback': 'Kamu punya dasar yang kuat, tapi jawaban x^2 + 9 menunjukkan pola yang kurang tepat untuk soal ini. Coba ingat lagi konsep yang relevan untuk bentuk (a-b)(a+b). Rumus pentingnya adalah $(a-b)(a+b) = a^2 - b^2$. Jika kita gunakan $a = x$ dan $b = 3$, pola ini menggiring kita untuk melihat bahwa dua suku silang akan berlawanan tanda sehingga menghasilkan perbedaan kuadrat, bukan jumlah kuadrat. Coba lagi dengan fokus pada bagaimana tanda antara bagian pertama dan kedua memengaruhi hasilnya. Langkah belajar yang bisa kamu pakai: gunakan rumus perbedaan kuadrat sebagai panduan umum, lalu terapkan pada kasus ini tanpa mengubah tanda secara sembarangan. Jika kamu ingin, aku bisa membimbing langkah demi langkah secara perlahan sampai kamu merasa nyaman dengan pola ini.'}"
45,45,46,Sederhanakan: 4p + 3q â€“ 2p â€“ q,2p + 2q,2p + 4q,High,Low,Immediate,Topic Contingent,"{
  ""Feedback Type"": ""Topic Contingent"",
  ""Feedback"": ""Bagus mencoba menyederhanakan bentuk aljabar. Dari jawabanmu $2p + 4q$, terlihat ada kesalahan pada penggabungan suku-suku yang sejenis. Dalam bentuk seperti ini, kita gabungkan suku-suku dengan variabel yang sama. Coba perhatikan dua bagian utama: suku-p dan suku-q. Susun kembali menjadi urutan suku-suku dengan variabel yang sama, misalnya $4p$ dan $-2p$ untuk suku-p, serta $3q$ dan $-q$ untuk suku-q. Kemudian gabungkan koefisiennya: koefisien p adalah $4 + (-2)$, koefisien q adalah $3 + (-1)$. Tulis langkah-langkahnya dengan jelas, lalu coba jawab lagi. Latihan 4.1 bagian 1-2 bisa membantu memperkuat konsep menyebut suku-suku, koefisien, variabel, dan konstanta. Jika mau, kirim jawabanmu lagi untuk dicek.""
}","{'Feedback Type': 'Topic Contingent', 'Feedback': 'Bagus mencoba menyederhanakan bentuk aljabar. Dari jawabanmu $2p + 4q$, terlihat ada kesalahan pada penggabungan suku-suku yang sejenis. Dalam bentuk seperti ini, kita gabungkan suku-suku dengan variabel yang sama. Coba perhatikan dua bagian utama: suku-p dan suku-q. Susun kembali menjadi urutan suku-suku dengan variabel yang sama, misalnya $4p$ dan $-2p$ untuk suku-p, serta $3q$ dan $-q$ untuk suku-q. Kemudian gabungkan koefisiennya: koefisien p adalah $4 + (-2)$, koefisien q adalah $3 + (-1)$. Tulis langkah-langkahnya dengan jelas, lalu coba jawab lagi. Latihan 4.1 bagian 1-2 bisa membantu memperkuat konsep menyebut suku-suku, koefisien, variabel, dan konstanta. Jika mau, kirim jawabanmu lagi untuk dicek.'}"
46,46,47,Hasil pengurangan (6y + 4) â€“ (2y + 7) adalah....,4y â€“ 3,4y + 11,Low,Low,Immediate,Response Contingent,"{
  ""Feedback Type"": ""Response Contingent"",
  ""Feedback"": ""Hai! Terima kasih sudah mencoba soal pengurangan bentuk aljabar. Dari jawabanmu 4y + 11, terlihat ada kesalahan saat menggunakan tanda pengurangan pada suku-suku di dalam kurung kedua. Kamu sepertinya menambahkan konstan 4 dan 7 alih-alih mengurangi 7 dari 4. Ayo kita cek langkah-langkahnya bersama:\n\n- Langkah 1: Hilangkan kurung dengan aturan pengurangan: $ (6y+4) - (2y+7) = 6y+4 - 2y - 7 $. \n\n- Langkah 2: Gabungkan suku-suku sejenis. Untuk bagian dengan y, lakukan $6y - 2y = ?$; untuk bagian konstanta, lakukan $4 - 7 = ?$.\n\n- Langkah 3: Gabungkan hasilnya menjadi bentuk aljabar yang rapi. Hasil akhirnya akan mencakup dua bagian: bagian koefisien y dan bagian konstanta berasal dari langkah sebelumnya.\n\nKamu sudah berada di jalur yang benar, tinggal memperbaiki tanda dan perhitungan bagian konstan. Coba kerjakan ulang langkah 1â€“3 di atas, lalu tuliskan jawaban akhirnya sendiri. Kamu bisa mencoba lagi sekarang, aku siap membantumu jika perlu."" 
}","{'Feedback Type': 'Response Contingent', 'Feedback': 'Hai! Terima kasih sudah mencoba soal pengurangan bentuk aljabar. Dari jawabanmu 4y + 11, terlihat ada kesalahan saat menggunakan tanda pengurangan pada suku-suku di dalam kurung kedua. Kamu sepertinya menambahkan konstan 4 dan 7 alih-alih mengurangi 7 dari 4. Ayo kita cek langkah-langkahnya bersama:\n\n- Langkah 1: Hilangkan kurung dengan aturan pengurangan: $ (6y+4) - (2y+7) = 6y+4 - 2y - 7 $. \n\n- Langkah 2: Gabungkan suku-suku sejenis. Untuk bagian dengan y, lakukan $6y - 2y = ?$; untuk bagian konstanta, lakukan $4 - 7 = ?$.\n\n- Langkah 3: Gabungkan hasilnya menjadi bentuk aljabar yang rapi. Hasil akhirnya akan mencakup dua bagian: bagian koefisien y dan bagian konstanta berasal dari langkah sebelumnya.\n\nKamu sudah berada di jalur yang benar, tinggal memperbaiki tanda dan perhitungan bagian konstan. Coba kerjakan ulang langkah 1â€“3 di atas, lalu tuliskan jawaban akhirnya sendiri. Kamu bisa mencoba lagi sekarang, aku siap membantumu jika perlu.'}"
47,47,48,Hasil dari (x + 2) + (x â€“ 5) adalah....,2x â€“ 3,2x + 7,Low,High,Immediate,Response Contingent,"{
  ""Feedback Type"": ""Response Contingent"",
  ""Feedback"": ""Wah, kamu sudah mulai mengerjakan soal penjumlahan bentuk aljabar. Dari jawabanmu 2x + 7, tampaknya ada kesalahan pada bagian tanda konstanta.\n\nYang perlu diperhatikan:\n- Suku variabelnya adalah x dari setiap kurung, jadi gabungkan x + x menjadi 2x.\n- Konstanta berasal dari 2 dan -5. Karena ada tanda minus pada  -5, penjumlahan yang benar harus memperhatikan tanda tersebut:  $2 + (-5)$.\n\nLangkah yang bisa kamu ikuti:\n1) Tulis bentuknya secara eksplisit: $(x+2) + (x-5)$.\n2) Gabungkan suku-suku variabel: $(x) + (x) = 2x$.\n3) Gabungkan konstanta dengan tanda yang tepat: $2 + (-5)$ (ingat tanda minus). Ini akan menentukan bagian konstanta secara benar.\n\nUntuk membantu cek, kamu bisa mencoba menghitung nilai bentuk ini dengan nilai x yang sederhana, misalnya x = 0:\n- Bentuk asli ketika x = 0 menjadi $0+2 + 0-5$.\n- Jawabanmu yang sekarang dipakai untuk x = 0 adalah $2(0) + 7 = 7$.\nJika nilai keduanya tidak sama, berarti perlu perbaikan pada langkah penggabungan tanda.\n\nCoba perbaiki jawabanmu dengan mengikuti langkah-langkah di atas, ya. Kamu bisa mencoba lagi kapan saja!""
}","{'Feedback Type': 'Response Contingent', 'Feedback': 'Wah, kamu sudah mulai mengerjakan soal penjumlahan bentuk aljabar. Dari jawabanmu 2x + 7, tampaknya ada kesalahan pada bagian tanda konstanta.\n\nYang perlu diperhatikan:\n- Suku variabelnya adalah x dari setiap kurung, jadi gabungkan x + x menjadi 2x.\n- Konstanta berasal dari 2 dan -5. Karena ada tanda minus pada  -5, penjumlahan yang benar harus memperhatikan tanda tersebut:  $2 + (-5)$.\n\nLangkah yang bisa kamu ikuti:\n1) Tulis bentuknya secara eksplisit: $(x+2) + (x-5)$.\n2) Gabungkan suku-suku variabel: $(x) + (x) = 2x$.\n3) Gabungkan konstanta dengan tanda yang tepat: $2 + (-5)$ (ingat tanda minus). Ini akan menentukan bagian konstanta secara benar.\n\nUntuk membantu cek, kamu bisa mencoba menghitung nilai bentuk ini dengan nilai x yang sederhana, misalnya x = 0:\n- Bentuk asli ketika x = 0 menjadi $0+2 + 0-5$.\n- Jawabanmu yang sekarang dipakai untuk x = 0 adalah $2(0) + 7 = 7$.\nJika nilai keduanya tidak sama, berarti perlu perbaikan pada langkah penggabungan tanda.\n\nCoba perbaiki jawabanmu dengan mengikuti langkah-langkah di atas, ya. Kamu bisa mencoba lagi kapan saja!'}"
48,48,49,"Bentuk aljabar dari ""hasil kali 5 dan y"" adalah....",5y,5 + y,High,Low,Immediate,Topic Contingent,"{
  ""Feedback Type"": ""Topic Contingent"",
  ""Feedback"": ""Bagus kamu mencoba. Kamu menuliskan $5 + y$, padahal kata kunci pada kalimat itu adalah 'hasil kali', jadi kita mengalikan angka dengan variabel, bukan menjumlahkannya. Dalam notasi aljabar, angka di depan variabel disebut koefisien. Jika satu angka mengalikan variabel, bentuk yang tepat adalah koefisien Ã— variabel, misalnya $a \\cdot x$. Karena konteksnya perkalian, perbaikannya adalah menuliskan bentuk aljabar sesuai operasi itu (bukan penjumlahan).\n\nCoba lihat perbedaan dengan contoh sederhana: jika y bernilai 2, hasil perkalian $5 \\cdot y$ adalah 10, sedangkan penjumlahan $5 + y$ adalah 7. Ini menunjukkan mengapa kata kunci operasi sangat penting.\n\nLangkah perbaikan singkat:\n- Cari kata kunci seperti 'hasil kali' vs 'jumlah'.\n- Tentukan apakah ada tanda kali yang diperlukan.\n- Tulis bentuk aljabar dengan koefisien di depan variabel.\n\nCoba latihan singkat: ubah kalimat berikut jadi bentuk aljabar yang memakai operasi perkalian: 'hasil kali 7 dan z'.\n\nJika kamu ingin, coba jawab lagi sekarang.""
}",
49,49,50,"Bentuk aljabar dari ""selisih x dan 7"" adalah....",x â€“ 7,7 â€“ x,Low,High,Delayed,Verification + Response Contingent,"{
  ""Feedback Type"": ""Verification + Response Contingent"",
  ""Feedback"": ""Bagus kamu mencoba. Jawabanmu adalah $7 - x$. Perhatikan arti frasa 'selisih x dan 7'. Urutan penulisan sangat penting karena menentukan tanda hasilnya. Ada dua kemungkinan bentuk tergantung urutan, misalnya $x-7$ atau $7-x$. Coba lihat contoh sederhana: jika x = 5, maka $5-7 = -2$ dan $7-5 = 2$, keduanya berbeda. Karena soal menyebut selisih antara x dan 7 dengan urutan 'x duluan', cek kembali apakah itu berarti bentuk aljabar yang kamu tulis mengikuti urutan tersebut. Coba jawab lagi dengan menulis bentuk aljabar yang sesuai urutan soal. Kamu bisa mencoba lagi sekarang.""
}","{'Feedback Type': 'Verification + Response Contingent', 'Feedback': ""Bagus kamu mencoba. Jawabanmu adalah $7 - x$. Perhatikan arti frasa 'selisih x dan 7'. Urutan penulisan sangat penting karena menentukan tanda hasilnya. Ada dua kemungkinan bentuk tergantung urutan, misalnya $x-7$ atau $7-x$. Coba lihat contoh sederhana: jika x = 5, maka $5-7 = -2$ dan $7-5 = 2$, keduanya berbeda. Karena soal menyebut selisih antara x dan 7 dengan urutan 'x duluan', cek kembali apakah itu berarti bentuk aljabar yang kamu tulis mengikuti urutan tersebut. Coba jawab lagi dengan menulis bentuk aljabar yang sesuai urutan soal. Kamu bisa mencoba lagi sekarang.""}"
