No,Soal_x,Jawaban,Jawaban_Salah,SPK,SAL,Final_Feedback_Type,Soal_y,Student_Answer,Feedback_Type,Generated_Feedback,dict_generated_feedback
1,"Jika x=5, maka nilai dari 3x+2 adalah …",17,"Aduh, ribet amat! Hasilnya 2x² – 4 aja deh.",High,High,Try again + Delayed Topic Contingent,"Jika x=5, maka nilai dari 3x+2 adalah …","Aduh, ribet amat! Hasilnya 2x² – 4 aja deh.",Try again + Delayed Topic Contingent,"```json
{
  ""Feedback_Type"": ""Try again + Delayed Topic Contingent"",
  ""Feedback"": ""Sepertinya kamu salah memahami soal. Soal ini meminta kita untuk mencari nilai dari $3x + 2$ ketika $x = 5$. Coba ingat kembali cara substitusi nilai ke dalam persamaan. Kamu sudah punya kemampuan yang tinggi, jadi aku yakin kamu bisa menyelesaikannya dengan benar. Setelah itu, kita bisa diskusikan bagaimana cara menyederhanakan ekspresi seperti $2x^2 - 4$ di lain waktu. Yuk, coba lagi!""
}
```","{'Feedback_Type': 'Try again + Delayed Topic Contingent', 'Feedback': 'Sepertinya kamu salah memahami soal. Soal ini meminta kita untuk mencari nilai dari $3x + 2$ ketika $x = 5$. Coba ingat kembali cara substitusi nilai ke dalam persamaan. Kamu sudah punya kemampuan yang tinggi, jadi aku yakin kamu bisa menyelesaikannya dengan benar. Setelah itu, kita bisa diskusikan bagaimana cara menyederhanakan ekspresi seperti $2x^2 - 4$ di lain waktu. Yuk, coba lagi!'}"
2,Hasil dari (2x – 1)(x + 4) adalah....,2x^2 + 7x – 1,Kayaknya hasilnya 2x^2 + 3x – 4 deh!,High,High,Try again + Delayed Topic Contingent,Hasil dari (2x – 1)(x + 4) adalah....,Kayaknya hasilnya 2x^2 + 3x – 4 deh!,Try again + Delayed Topic Contingent,"```json
{
  ""Feedback_Type"": ""Try again + Delayed Topic Contingent"",
  ""Feedback"": ""Hai! Sepertinya kamu sudah hampir benar, tapi ada sedikit kesalahan dalam perkalianmu. Coba perhatikan kembali langkah-langkah dalam mengalikan dua suku binomial ini: $(2x - 1)(x + 4)$. Ingat untuk menggunakan metode distributif atau FOIL (First, Outer, Inner, Last) untuk memastikan semua suku dikalikan dengan benar. Setelah kamu coba lagi, kita bisa diskusikan lebih lanjut jika masih ada yang membingungkan. Semangat!""
}
```","{'Feedback_Type': 'Try again + Delayed Topic Contingent', 'Feedback': 'Hai! Sepertinya kamu sudah hampir benar, tapi ada sedikit kesalahan dalam perkalianmu. Coba perhatikan kembali langkah-langkah dalam mengalikan dua suku binomial ini: $(2x - 1)(x + 4)$. Ingat untuk menggunakan metode distributif atau FOIL (First, Outer, Inner, Last) untuk memastikan semua suku dikalikan dengan benar. Setelah kamu coba lagi, kita bisa diskusikan lebih lanjut jika masih ada yang membingungkan. Semangat!'}"
3,Faktorisasi dari x^2 – 2x – 8 adalah....,(x – 4)(x + 2),"Ah, gampang nih! Jawabannya (x - 2)(x + 4).",High,Low,Correct Response + Topic Contingent,Faktorisasi dari x^2 – 2x – 8 adalah....,"Ah, gampang nih! Jawabannya (x - 2)(x + 4).",Correct Response + Topic Contingent,"```json
{
  ""Feedback_Type"": ""Correct Response + Topic Contingent"",
  ""Feedback"": ""Hai! Kamu sudah hampir benar, tetapi ada sedikit kesalahan dalam faktorisasi. Kamu menulis jawabannya sebagai $(x - 2)(x + 4)$, tetapi jika kita kalikan kembali, hasilnya tidak akan sama dengan $x^2 - 2x - 8$. Coba perhatikan tanda dan angka yang kamu gunakan. Ingat, kita mencari dua angka yang jika dikalikan hasilnya -8 dan jika dijumlahkan hasilnya -2. Kamu sudah di jalur yang benar, coba cek lagi ya!""
}
```","{'Feedback_Type': 'Correct Response + Topic Contingent', 'Feedback': 'Hai! Kamu sudah hampir benar, tetapi ada sedikit kesalahan dalam faktorisasi. Kamu menulis jawabannya sebagai $(x - 2)(x + 4)$, tetapi jika kita kalikan kembali, hasilnya tidak akan sama dengan $x^2 - 2x - 8$. Coba perhatikan tanda dan angka yang kamu gunakan. Ingat, kita mencari dua angka yang jika dikalikan hasilnya -8 dan jika dijumlahkan hasilnya -2. Kamu sudah di jalur yang benar, coba cek lagi ya!'}"
4,"Jika x = –1, maka nilai dari (x + 2)(x – 3) adalah....",–4,"Wah, ini gampang! Jawabannya 10.",High,High,Try again + Delayed Topic Content,"Jika x = –1, maka nilai dari (x + 2)(x – 3) adalah....","Wah, ini gampang! Jawabannya 10.",Try again + Delayed Topic Content,"```json
{
  ""Feedback_Type"": ""Try again + Delayed Topic Content"",
  ""Feedback"": ""Hai! Sepertinya kamu sudah sangat percaya diri dengan jawabanmu, dan itu bagus! Namun, mari kita coba periksa kembali langkah-langkahnya. Ketika kita substitusi $x = -1$ ke dalam ekspresi $(x + 2)(x - 3)$, pastikan kamu menghitung setiap bagian dengan hati-hati. Coba hitung ulang $(-1 + 2)$ dan $(-1 - 3)$, lalu kalikan hasilnya. Kadang-kadang, kesalahan kecil bisa terjadi saat menghitung. Setelah kamu mencoba lagi, kita bisa diskusikan lebih lanjut jika masih ada kebingungan. Semangat!""
}
```","{'Feedback_Type': 'Try again + Delayed Topic Content', 'Feedback': 'Hai! Sepertinya kamu sudah sangat percaya diri dengan jawabanmu, dan itu bagus! Namun, mari kita coba periksa kembali langkah-langkahnya. Ketika kita substitusi $x = -1$ ke dalam ekspresi $(x + 2)(x - 3)$, pastikan kamu menghitung setiap bagian dengan hati-hati. Coba hitung ulang $(-1 + 2)$ dan $(-1 - 3)$, lalu kalikan hasilnya. Kadang-kadang, kesalahan kecil bisa terjadi saat menghitung. Setelah kamu mencoba lagi, kita bisa diskusikan lebih lanjut jika masih ada kebingungan. Semangat!'}"
5,Hasil dari (3x – 2)(x + 1) adalah....,3x^2 + x – 2,"Hmm, salah deh kayaknya. Kan harusnya $3x^2 - 2$ aja.",Low,Low,Correct Response + Response Contingent,Hasil dari (3x – 2)(x + 1) adalah....,"Hmm, salah deh kayaknya. Kan harusnya $3x^2 - 2$ aja.",Correct Response + Response Contingent,"```json
{
  ""Feedback_Type"": ""Correct Response + Response Contingent"",
  ""Feedback"": ""Hei, bagus kamu sudah mencoba! Sepertinya ada sedikit kesalahan dalam mengalikan dua suku aljabar ini. Ketika kita punya bentuk seperti $(3x - 2)(x + 1)$, kita perlu menggunakan metode distribusi atau FOIL (First, Outer, Inner, Last) untuk mengalikan setiap suku. Coba pikirkan bagaimana cara mengalikan $3x$ dengan $x$ dan $1$, serta $-2$ dengan $x$ dan $1$. Jangan lupa untuk menjumlahkan semua hasil kali tersebut. Kamu pasti bisa!""
}
```","{'Feedback_Type': 'Correct Response + Response Contingent', 'Feedback': 'Hei, bagus kamu sudah mencoba! Sepertinya ada sedikit kesalahan dalam mengalikan dua suku aljabar ini. Ketika kita punya bentuk seperti $(3x - 2)(x + 1)$, kita perlu menggunakan metode distribusi atau FOIL (First, Outer, Inner, Last) untuk mengalikan setiap suku. Coba pikirkan bagaimana cara mengalikan $3x$ dengan $x$ dan $1$, serta $-2$ dengan $x$ dan $1$. Jangan lupa untuk menjumlahkan semua hasil kali tersebut. Kamu pasti bisa!'}"
6,"Jika x = 4, maka nilai dari x^3 – 2x^2 + 3x – 1 adalah....",27,"Wah, ini gampang banget! Jawabannya 4^3 = 64.",Low,Low,Correct Response + Response Contingent,"Jika x = 4, maka nilai dari x^3 – 2x^2 + 3x – 1 adalah....","Wah, ini gampang banget! Jawabannya 4^3 = 64.",Correct Response + Response Contingent,"```json
{
  ""Feedback_Type"": ""Correct Response + Response Contingent"",
  ""Feedback"": ""Hai! Kamu sudah memulai dengan baik dengan menghitung $4^3 = 64$. Namun, jangan lupa bahwa kita perlu menghitung seluruh ekspresi $x^3 - 2x^2 + 3x - 1$. Coba deh, substitusi $x = 4$ ke dalam setiap bagian dari ekspresi tersebut dan hitung satu per satu. Kamu pasti bisa!""
}
```","{'Feedback_Type': 'Correct Response + Response Contingent', 'Feedback': 'Hai! Kamu sudah memulai dengan baik dengan menghitung $4^3 = 64$. Namun, jangan lupa bahwa kita perlu menghitung seluruh ekspresi $x^3 - 2x^2 + 3x - 1$. Coba deh, substitusi $x = 4$ ke dalam setiap bagian dari ekspresi tersebut dan hitung satu per satu. Kamu pasti bisa!'}"
7,Sederhanakan: 2x – 3(x – 2),–x + 6,"Aduh, ribet amat! Jawabannya 5x - 6.",Low,High,Correct Response + Response Contingent,Sederhanakan: 2x – 3(x – 2),"Aduh, ribet amat! Jawabannya 5x - 6.",Correct Response + Response Contingent,"```json
{
  ""Feedback_Type"": ""Correct Response + Response Contingent"",
  ""Feedback"": ""Hai! Kamu sudah berusaha dengan baik, tapi ada sedikit kesalahan dalam menyederhanakan ekspresi tersebut. Kamu menulis jawabannya sebagai $5x - 6$, tapi mari kita coba lihat langkah-langkahnya bersama. Ketika kamu punya ekspresi $2x - 3(x - 2)$, coba perhatikan tanda negatif di depan $3(x - 2)$. Ini artinya kamu perlu mendistribusikan $-3$ ke dalam kurung. Coba pikirkan lagi, bagaimana cara mendistribusikan $-3$ ke $x$ dan $-2$? Setelah itu, kamu bisa menggabungkan suku-suku yang sejenis. Yuk, coba lagi dan lihat apakah kamu bisa menemukan jawabannya!""
}
```","{'Feedback_Type': 'Correct Response + Response Contingent', 'Feedback': 'Hai! Kamu sudah berusaha dengan baik, tapi ada sedikit kesalahan dalam menyederhanakan ekspresi tersebut. Kamu menulis jawabannya sebagai $5x - 6$, tapi mari kita coba lihat langkah-langkahnya bersama. Ketika kamu punya ekspresi $2x - 3(x - 2)$, coba perhatikan tanda negatif di depan $3(x - 2)$. Ini artinya kamu perlu mendistribusikan $-3$ ke dalam kurung. Coba pikirkan lagi, bagaimana cara mendistribusikan $-3$ ke $x$ dan $-2$? Setelah itu, kamu bisa menggabungkan suku-suku yang sejenis. Yuk, coba lagi dan lihat apakah kamu bisa menemukan jawabannya!'}"
8,Hasil dari (x + 3)^2 adalah....,x^2 + 6x + 9,"Ah, gampang nih! Pasti jawabannya x^2 + 9 aja, kan?",Low,High,Correct Response + Response Contingent,Hasil dari (x + 3)^2 adalah....,"Ah, gampang nih! Pasti jawabannya x^2 + 9 aja, kan?",Correct Response + Response Contingent,"```json
{
  ""Feedback_Type"": ""Correct Response + Response Contingent"",
  ""Feedback"": ""Hai! Kamu sudah memulai dengan baik, tapi ada sedikit kesalahan dalam mengembangkan kuadrat binomial. Ketika kita mengembangkan $(x + 3)^2$, kita perlu mengingat bahwa ini berarti $(x + 3) \\times (x + 3)$. Coba ingat kembali cara mengalikan dua binomial. Kamu hampir benar, jadi coba periksa kembali langkah-langkahnya ya. Semangat!""
}
```","{'Feedback_Type': 'Correct Response + Response Contingent', 'Feedback': 'Hai! Kamu sudah memulai dengan baik, tapi ada sedikit kesalahan dalam mengembangkan kuadrat binomial. Ketika kita mengembangkan $(x + 3)^2$, kita perlu mengingat bahwa ini berarti $(x + 3) \\times (x + 3)$. Coba ingat kembali cara mengalikan dua binomial. Kamu hampir benar, jadi coba periksa kembali langkah-langkahnya ya. Semangat!'}"
9,"Nilai dari (2a + b)(a – b) jika a = 1, b = –2 adalah....",9,"Hmm, gampang! Jawabannya 12, kan?",Low,Low,Correct Response + Response Contingent,"Nilai dari (2a + b)(a – b) jika a = 1, b = –2 adalah....","Hmm, gampang! Jawabannya 12, kan?",Correct Response + Response Contingent,"```json
{
  ""Feedback_Type"": ""Correct Response + Response Contingent"",
  ""Feedback"": ""Hai! Sepertinya kamu semangat sekali mengerjakan soal ini, bagus! Namun, mari kita cek kembali langkah-langkahnya. Kamu perlu menghitung nilai dari $(2a + b)(a - b)$ dengan $a = 1$ dan $b = -2$. Coba kita substitusi nilai $a$ dan $b$ ke dalam ekspresi tersebut. Setelah itu, gunakan sifat distributif untuk menyederhanakan ekspresi. Yuk, coba lagi dan lihat apakah hasilnya masih sama!""
}
```","{'Feedback_Type': 'Correct Response + Response Contingent', 'Feedback': 'Hai! Sepertinya kamu semangat sekali mengerjakan soal ini, bagus! Namun, mari kita cek kembali langkah-langkahnya. Kamu perlu menghitung nilai dari $(2a + b)(a - b)$ dengan $a = 1$ dan $b = -2$. Coba kita substitusi nilai $a$ dan $b$ ke dalam ekspresi tersebut. Setelah itu, gunakan sifat distributif untuk menyederhanakan ekspresi. Yuk, coba lagi dan lihat apakah hasilnya masih sama!'}"
10,"Bentuk aljabar dari ""dua kali selisih x dan y"" adalah....",2(x – y),"""Dua kali selisih x dan y"", kan? Berarti 2x - y, kayaknya.",Low,High,Correct Response + Response Contingent,"Bentuk aljabar dari ""dua kali selisih x dan y"" adalah....","""Dua kali selisih x dan y"", kan? Berarti 2x - y, kayaknya.",Correct Response + Response Contingent,"```json
{
  ""Feedback_Type"": ""Correct Response + Response Contingent"",
  ""Feedback"": ""Hai! Kamu sudah hampir benar dalam memahami soal ini. Kamu sudah tahu bahwa kita mencari 'dua kali selisih x dan y'. Namun, perhatikan bahwa 'selisih x dan y' berarti kita harus mengurangkan $y$ dari $x$, jadi bentuknya adalah $(x - y)$. Nah, setelah itu baru kita kalikan dengan 2. Coba pikirkan lagi bagaimana menuliskan itu dalam bentuk aljabar. Kamu pasti bisa!""
}
```","{'Feedback_Type': 'Correct Response + Response Contingent', 'Feedback': ""Hai! Kamu sudah hampir benar dalam memahami soal ini. Kamu sudah tahu bahwa kita mencari 'dua kali selisih x dan y'. Namun, perhatikan bahwa 'selisih x dan y' berarti kita harus mengurangkan $y$ dari $x$, jadi bentuknya adalah $(x - y)$. Nah, setelah itu baru kita kalikan dengan 2. Coba pikirkan lagi bagaimana menuliskan itu dalam bentuk aljabar. Kamu pasti bisa!""}"
11,Hasil dari (x – 1)(x – 5) adalah....,x^2 – 6x + 5,"Aduh, gampang! x^2 – 5, kan?",High,High,Try again + Delayed Topic Contingent,Hasil dari (x – 1)(x – 5) adalah....,"Aduh, gampang! x^2 – 5, kan?",Try again + Delayed Topic Contingent,"```json
{
  ""Feedback_Type"": ""Try again + Delayed Topic Contingent"",
  ""Feedback"": ""Hey, bagus banget kamu merasa ini gampang! Tapi coba cek lagi langkah-langkahnya. Kamu sudah benar mulai dengan $(x - 1)(x - 5)$, tapi hasilnya bukan $x^2 - 5$. Ingat, kamu perlu mengalikan setiap bagian dari dua binomial ini. Coba pikirkan tentang distribusi atau metode FOIL (First, Outer, Inner, Last) untuk memastikan semua bagian terkalikan dengan benar. Kamu pasti bisa!""
}
```","{'Feedback_Type': 'Try again + Delayed Topic Contingent', 'Feedback': 'Hey, bagus banget kamu merasa ini gampang! Tapi coba cek lagi langkah-langkahnya. Kamu sudah benar mulai dengan $(x - 1)(x - 5)$, tapi hasilnya bukan $x^2 - 5$. Ingat, kamu perlu mengalikan setiap bagian dari dua binomial ini. Coba pikirkan tentang distribusi atau metode FOIL (First, Outer, Inner, Last) untuk memastikan semua bagian terkalikan dengan benar. Kamu pasti bisa!'}"
12,Nilai dari 3(x – 2) – 4(x + 1) adalah....,–x – 2,"Waduh, ini gampang banget! Jawabannya –x + 10, kan?",High,Low,Correct Response + Topic Contingent,Nilai dari 3(x – 2) – 4(x + 1) adalah....,"Waduh, ini gampang banget! Jawabannya –x + 10, kan?",Correct Response + Topic Contingent,"```json
{
  ""Feedback_Type"": ""Correct Response + Topic Contingent"",
  ""Feedback"": ""Hai! Kamu sudah berusaha dengan baik, tapi sepertinya ada sedikit kesalahan dalam menghitung. Yuk, kita cek lagi langkah-langkahnya. Saat kita menghitung $3(x - 2) - 4(x + 1)$, kita perlu mendistribusikan angka di depan kurung ke setiap elemen di dalam kurung. Coba perhatikan kembali bagaimana kamu mendistribusikan angka 3 dan -4 ke dalam kurung. Dengan pengetahuan aljabar yang kamu miliki, aku yakin kamu bisa menemukan di mana letak kesalahannya. Semangat!""
}
```","{'Feedback_Type': 'Correct Response + Topic Contingent', 'Feedback': 'Hai! Kamu sudah berusaha dengan baik, tapi sepertinya ada sedikit kesalahan dalam menghitung. Yuk, kita cek lagi langkah-langkahnya. Saat kita menghitung $3(x - 2) - 4(x + 1)$, kita perlu mendistribusikan angka di depan kurung ke setiap elemen di dalam kurung. Coba perhatikan kembali bagaimana kamu mendistribusikan angka 3 dan -4 ke dalam kurung. Dengan pengetahuan aljabar yang kamu miliki, aku yakin kamu bisa menemukan di mana letak kesalahannya. Semangat!'}"
13,Faktorisasi dari x^2 + 5x + 6 adalah....,(x + 2)(x + 3),"Kayaknya salah deh, harusnya (x + 6)(x + 1) aja!",High,Low,Correct Response + Topic Contingent,Faktorisasi dari x^2 + 5x + 6 adalah....,"Kayaknya salah deh, harusnya (x + 6)(x + 1) aja!",Correct Response + Topic Contingent,"```json
{
  ""Feedback_Type"": ""Correct Response + Topic Contingent"",
  ""Feedback"": ""Hai! Sepertinya kamu sudah hampir benar, tetapi ada sedikit kesalahan dalam faktorisasi. Ingat, kita perlu mencari dua angka yang jika dijumlahkan hasilnya adalah koefisien dari $x$, yaitu 5, dan jika dikalikan hasilnya adalah konstanta, yaitu 6. Coba pikirkan kembali angka-angka tersebut. Kamu pasti bisa!""
}
```","{'Feedback_Type': 'Correct Response + Topic Contingent', 'Feedback': 'Hai! Sepertinya kamu sudah hampir benar, tetapi ada sedikit kesalahan dalam faktorisasi. Ingat, kita perlu mencari dua angka yang jika dijumlahkan hasilnya adalah koefisien dari $x$, yaitu 5, dan jika dikalikan hasilnya adalah konstanta, yaitu 6. Coba pikirkan kembali angka-angka tersebut. Kamu pasti bisa!'}"
14,"Jika a = 2, maka nilai dari 2a^2 – 5a + 3 adalah....",1,"Gak pake ribet, hasilnya 17 lah!",High,Low,Correct Response + Topic Contingent,"Jika a = 2, maka nilai dari 2a^2 – 5a + 3 adalah....","Gak pake ribet, hasilnya 17 lah!",Correct Response + Topic Contingent,"```json
{
  ""Feedback_Type"": ""Correct Response + Topic Contingent"",
  ""Feedback"": ""Hai! Kamu sudah mencoba menyelesaikan soal ini, bagus sekali! Namun, sepertinya ada sedikit kesalahan dalam perhitunganmu. Yuk, kita cek lagi langkah-langkahnya. Pertama, kita substitusi nilai $a = 2$ ke dalam persamaan $2a^2 - 5a + 3$. Jadi, kita hitung $2(2)^2 - 5(2) + 3$. Coba hitung ulang langkah-langkah ini satu per satu, dan pastikan kamu menghitung kuadrat dari $2$ dengan benar. Semangat, kamu pasti bisa!""
}
```","{'Feedback_Type': 'Correct Response + Topic Contingent', 'Feedback': 'Hai! Kamu sudah mencoba menyelesaikan soal ini, bagus sekali! Namun, sepertinya ada sedikit kesalahan dalam perhitunganmu. Yuk, kita cek lagi langkah-langkahnya. Pertama, kita substitusi nilai $a = 2$ ke dalam persamaan $2a^2 - 5a + 3$. Jadi, kita hitung $2(2)^2 - 5(2) + 3$. Coba hitung ulang langkah-langkah ini satu per satu, dan pastikan kamu menghitung kuadrat dari $2$ dengan benar. Semangat, kamu pasti bisa!'}"
15,Bentuk sederhana dari (2x – 5) – (3x – 2) adalah....,–x – 3,"Duh, ini sih gampang! Jawabannya 5x – 7!",High,High,Try again + Delayed Topic Content,Bentuk sederhana dari (2x – 5) – (3x – 2) adalah....,"Duh, ini sih gampang! Jawabannya 5x – 7!",Try again + Delayed Topic Content,"```json
{
  ""Feedback_Type"": ""Try again + Delayed Topic Content"",
  ""Feedback"": ""Hei, sepertinya ada sedikit kesalahan dalam perhitunganmu. Kamu bilang jawabannya adalah $5x - 7$, tapi coba kita lihat lagi langkah-langkahnya. Ingat, ketika kita menyederhanakan ekspresi $(2x - 5) - (3x - 2)$, kita harus memperhatikan tanda negatif di depan tanda kurung kedua. Coba pikirkan kembali bagaimana tanda negatif itu mempengaruhi setiap elemen di dalam kurung. Kamu pasti bisa menemukan jawabannya dengan benar! Semangat!""
}
```","{'Feedback_Type': 'Try again + Delayed Topic Content', 'Feedback': 'Hei, sepertinya ada sedikit kesalahan dalam perhitunganmu. Kamu bilang jawabannya adalah $5x - 7$, tapi coba kita lihat lagi langkah-langkahnya. Ingat, ketika kita menyederhanakan ekspresi $(2x - 5) - (3x - 2)$, kita harus memperhatikan tanda negatif di depan tanda kurung kedua. Coba pikirkan kembali bagaimana tanda negatif itu mempengaruhi setiap elemen di dalam kurung. Kamu pasti bisa menemukan jawabannya dengan benar! Semangat!'}"
16,Hasil dari 2a – (–3a + 4) adalah....,5a + 4,"Aduh, ribet amat! Kan jadinya 2a + 3a + 4, jadi 5a + 4? Eh, salah ya? Jadi 5a – 4 aja deh.",Low,Low,Correct Response + Response Contingent,Hasil dari 2a – (–3a + 4) adalah....,"Aduh, ribet amat! Kan jadinya 2a + 3a + 4, jadi 5a + 4? Eh, salah ya? Jadi 5a – 4 aja deh.",Correct Response + Response Contingent,"```json
{
  ""Feedback_Type"": ""Correct Response + Response Contingent"",
  ""Feedback"": ""Hei, kamu sudah hampir benar! Kamu sudah benar dalam mengubah tanda negatif di dalam kurung menjadi positif. Namun, perhatikan langkah berikutnya: ketika kamu mengubah $-(-3a + 4)$ menjadi $+3a - 4$, kamu benar. Tapi, saat menjumlahkan $2a + 3a$, hasilnya adalah $5a$, bukan $5a + 4$. Jadi, coba pikirkan kembali apakah ada kesalahan dalam penjumlahan atau pengurangan yang kamu lakukan. Kamu sudah di jalur yang tepat, terus semangat!""
}
```","{'Feedback_Type': 'Correct Response + Response Contingent', 'Feedback': 'Hei, kamu sudah hampir benar! Kamu sudah benar dalam mengubah tanda negatif di dalam kurung menjadi positif. Namun, perhatikan langkah berikutnya: ketika kamu mengubah $-(-3a + 4)$ menjadi $+3a - 4$, kamu benar. Tapi, saat menjumlahkan $2a + 3a$, hasilnya adalah $5a$, bukan $5a + 4$. Jadi, coba pikirkan kembali apakah ada kesalahan dalam penjumlahan atau pengurangan yang kamu lakukan. Kamu sudah di jalur yang tepat, terus semangat!'}"
17,Faktorisasi dari x^2 – 9 adalah....,(x + 3)(x – 3),"Wah, ini mah gampang! Kayaknya (x – 3) doang deh.",High,Low,Correct Response + Topic Contingent,Faktorisasi dari x^2 – 9 adalah....,"Wah, ini mah gampang! Kayaknya (x – 3) doang deh.",Correct Response + Topic Contingent,"```json
{
  ""Feedback_Type"": ""Correct Response + Topic Contingent"",
  ""Feedback"": ""Hai! Kamu sudah memulai dengan baik, tapi ada sedikit kesalahan dalam faktorisasi. Ingat bahwa $x^2 - 9$ adalah bentuk dari selisih kuadrat. Coba ingat kembali rumus $(a^2 - b^2) = (a - b)(a + b)$. Dengan begitu, kamu bisa menemukan faktor yang tepat. Semangat!""
}
```","{'Feedback_Type': 'Correct Response + Topic Contingent', 'Feedback': 'Hai! Kamu sudah memulai dengan baik, tapi ada sedikit kesalahan dalam faktorisasi. Ingat bahwa $x^2 - 9$ adalah bentuk dari selisih kuadrat. Coba ingat kembali rumus $(a^2 - b^2) = (a - b)(a + b)$. Dengan begitu, kamu bisa menemukan faktor yang tepat. Semangat!'}"
18,"Jika y = –2, maka nilai dari y^3 + 3y^2 + y adalah....",–11,"Aduh, susah banget. Jawabannya 6 aja deh!",Low,High,Correct Response + Response Contingent,"Jika y = –2, maka nilai dari y^3 + 3y^2 + y adalah....","Aduh, susah banget. Jawabannya 6 aja deh!",Correct Response + Response Contingent,"```json
{
  ""Feedback_Type"": ""Correct Response + Response Contingent"",
  ""Feedback"": ""Hai! Sepertinya kamu merasa kesulitan dengan soal ini, tapi jangan khawatir, kita bisa coba bersama-sama. Pertama, mari kita lihat langkah-langkahnya. Kamu perlu mengganti nilai $y$ dengan $-2$ dalam persamaan $y^3 + 3y^2 + y$. Coba hitung satu per satu: berapa nilai dari $(-2)^3$, $3(-2)^2$, dan $(-2)$? Setelah itu, jumlahkan hasilnya. Yuk, coba lagi dan lihat apakah kamu mendapatkan jawaban yang berbeda!""
}
```","{'Feedback_Type': 'Correct Response + Response Contingent', 'Feedback': 'Hai! Sepertinya kamu merasa kesulitan dengan soal ini, tapi jangan khawatir, kita bisa coba bersama-sama. Pertama, mari kita lihat langkah-langkahnya. Kamu perlu mengganti nilai $y$ dengan $-2$ dalam persamaan $y^3 + 3y^2 + y$. Coba hitung satu per satu: berapa nilai dari $(-2)^3$, $3(-2)^2$, dan $(-2)$? Setelah itu, jumlahkan hasilnya. Yuk, coba lagi dan lihat apakah kamu mendapatkan jawaban yang berbeda!'}"
19,Sederhanakan: 3x + 2(x – 4),5x – 8,Kayaknya hasilnya 5x - 4 deh.,Low,Low,Correct Response + Response Contingent,Sederhanakan: 3x + 2(x – 4),Kayaknya hasilnya 5x - 4 deh.,Correct Response + Response Contingent,"```json
{
  ""Feedback_Type"": ""Correct Response + Response Contingent"",
  ""Feedback"": ""Hai! Sepertinya kamu sudah mencoba menyederhanakan ekspresi ini. Namun, ada sedikit kesalahan dalam langkah-langkahnya. Ketika kamu mengalikan $2(x - 4)$, pastikan kamu mengalikan 2 dengan setiap elemen di dalam kurung. Jadi, $2(x - 4)$ menjadi $2x - 8$. Coba perbaiki langkah ini dan lihat bagaimana hasilnya berubah. Semangat!""
}
```","{'Feedback_Type': 'Correct Response + Response Contingent', 'Feedback': 'Hai! Sepertinya kamu sudah mencoba menyederhanakan ekspresi ini. Namun, ada sedikit kesalahan dalam langkah-langkahnya. Ketika kamu mengalikan $2(x - 4)$, pastikan kamu mengalikan 2 dengan setiap elemen di dalam kurung. Jadi, $2(x - 4)$ menjadi $2x - 8$. Coba perbaiki langkah ini dan lihat bagaimana hasilnya berubah. Semangat!'}"
20,Hasil dari –x^2 + 2x – 1 jika x = –2 adalah....,1,"Kayaknya hasilnya -9 deh, salah hitung kali ya?",Low,High,Verification + Delayed Correct Response + Response Contingent,Hasil dari –x^2 + 2x – 1 jika x = –2 adalah....,"Kayaknya hasilnya -9 deh, salah hitung kali ya?",Verification + Delayed Correct Response + Response Contingent,"```json
{
  ""Feedback_Type"": ""Verification + Delayed Correct Response + Response Contingent"",
  ""Feedback"": ""Hai! Sepertinya kamu sudah mencoba menghitungnya, bagus sekali! Mari kita cek langkah-langkahnya bersama. Pertama, kita masukkan nilai $x = -2$ ke dalam persamaan $-x^2 + 2x - 1$. Jadi, kita punya $-(-2)^2 + 2(-2) - 1$. Coba perhatikan tanda negatif di depan $x^2$, ini penting. Yuk, coba hitung lagi langkah demi langkah, dan lihat apakah hasilnya masih sama. Kalau ada yang bingung, kita bisa bahas bareng!""
}
```","{'Feedback_Type': 'Verification + Delayed Correct Response + Response Contingent', 'Feedback': 'Hai! Sepertinya kamu sudah mencoba menghitungnya, bagus sekali! Mari kita cek langkah-langkahnya bersama. Pertama, kita masukkan nilai $x = -2$ ke dalam persamaan $-x^2 + 2x - 1$. Jadi, kita punya $-(-2)^2 + 2(-2) - 1$. Coba perhatikan tanda negatif di depan $x^2$, ini penting. Yuk, coba hitung lagi langkah demi langkah, dan lihat apakah hasilnya masih sama. Kalau ada yang bingung, kita bisa bahas bareng!'}"
21,"Bentuk aljabar dari ""jumlah dari dua kali x dan 7"" adalah....",2x + 7,"Duh, gampang! Pasti 2(x + 7) kan?",Low,Low,Correct Response + Response Contingent,"Bentuk aljabar dari ""jumlah dari dua kali x dan 7"" adalah....","Duh, gampang! Pasti 2(x + 7) kan?",Correct Response + Response Contingent,"{
  ""Feedback_Type"": ""Correct Response + Response Contingent"",
  ""Feedback"": ""Hai! Sepertinya kamu sudah mencoba menyelesaikan soal ini dengan semangat, bagus sekali! Namun, mari kita lihat lebih dekat. Soal ini meminta bentuk aljabar dari 'jumlah dari dua kali x dan 7'. Kamu menulis $2(x + 7)$, yang artinya dua kali jumlah dari x dan 7. Coba pikirkan lagi, bagaimana cara menulis 'dua kali x' dan kemudian menjumlahkannya dengan 7? Kamu sudah hampir benar, ayo coba lagi!""
}","{'Feedback_Type': 'Correct Response + Response Contingent', 'Feedback': ""Hai! Sepertinya kamu sudah mencoba menyelesaikan soal ini dengan semangat, bagus sekali! Namun, mari kita lihat lebih dekat. Soal ini meminta bentuk aljabar dari 'jumlah dari dua kali x dan 7'. Kamu menulis $2(x + 7)$, yang artinya dua kali jumlah dari x dan 7. Coba pikirkan lagi, bagaimana cara menulis 'dua kali x' dan kemudian menjumlahkannya dengan 7? Kamu sudah hampir benar, ayo coba lagi!""}"
22,Sederhanakan: (x + 4)(x + 1),x^2 + 5x + 4,"Hmm, gampang! Hasilnya x^2 + 4.",High,High,Try again + Delayed Topic Content,Sederhanakan: (x + 4)(x + 1),"Hmm, gampang! Hasilnya x^2 + 4.",Try again + Delayed Topic Content,"```json
{
  ""Feedback_Type"": ""Try again + Delayed Topic Content"",
  ""Feedback"": ""Hai! Sepertinya kamu sudah memulai dengan baik, tapi ada sedikit kesalahan dalam langkah-langkahnya. Coba perhatikan kembali cara mengalikan dua binomial. Ingat, kita perlu menggunakan metode distributif atau FOIL (First, Outer, Inner, Last) untuk memastikan semua bagian dari kedua binomial dikalikan. Coba pikirkan lagi bagaimana cara mengalikan $(x + 4)(x + 1)$ dengan benar. Kamu pasti bisa!""
}
```","{'Feedback_Type': 'Try again + Delayed Topic Content', 'Feedback': 'Hai! Sepertinya kamu sudah memulai dengan baik, tapi ada sedikit kesalahan dalam langkah-langkahnya. Coba perhatikan kembali cara mengalikan dua binomial. Ingat, kita perlu menggunakan metode distributif atau FOIL (First, Outer, Inner, Last) untuk memastikan semua bagian dari kedua binomial dikalikan. Coba pikirkan lagi bagaimana cara mengalikan $(x + 4)(x + 1)$ dengan benar. Kamu pasti bisa!'}"
23,Hasil dari 2x^2 + 3x – 5 jika x = –1 adalah....,-6,"Hmm, kalau x = -1, berarti 2(-1)^2 + 3(-1) – 5... 2(1) - 3 - 5. Jadi 2 - 8 = -6. Eh, salah deng! Aku dapatnya 0 aja.",High,High,Try again + Delayed Topic Contingent,Hasil dari 2x^2 + 3x – 5 jika x = –1 adalah....,"Hmm, kalau x = -1, berarti 2(-1)^2 + 3(-1) – 5... 2(1) - 3 - 5. Jadi 2 - 8 = -6. Eh, salah deng! Aku dapatnya 0 aja.",Try again + Delayed Topic Contingent,"```json
{
  ""Feedback_Type"": ""Try again + Delayed Topic Contingent"",
  ""Feedback"": ""Hai! Kamu sudah memulai dengan baik dengan mengganti $x$ dengan $-1$. Namun, ada sedikit kesalahan dalam perhitunganmu setelah itu. Yuk, coba perhatikan lagi langkah-langkahnya. Ingat bahwa $(-1)^2$ itu sama dengan $1$, jadi $2(-1)^2$ akan menjadi $2 \times 1$. Setelah itu, jangan lupa untuk menghitung $3(-1)$ dengan benar. Coba hitung ulang dan lihat apakah hasilnya berbeda. Kamu pasti bisa!""
}
```","{'Feedback_Type': 'Try again + Delayed Topic Contingent', 'Feedback': 'Hai! Kamu sudah memulai dengan baik dengan mengganti $x$ dengan $-1$. Namun, ada sedikit kesalahan dalam perhitunganmu setelah itu. Yuk, coba perhatikan lagi langkah-langkahnya. Ingat bahwa $(-1)^2$ itu sama dengan $1$, jadi $2(-1)^2$ akan menjadi $2 \times 1$. Setelah itu, jangan lupa untuk menghitung $3(-1)$ dengan benar. Coba hitung ulang dan lihat apakah hasilnya berbeda. Kamu pasti bisa!'}"
24,"Nilai dari (x^2 – y^2) saat x = 5, y = 3 adalah....",16,"Kayaknya 4 deh. Soalnya 5 kuadrat kan 25, 3 kuadrat 9. Terus 25 kurang 9, eh, kok beda ya? Ah, 4 aja lah.",High,High,Try again + Delayed Topic Content,"Nilai dari (x^2 – y^2) saat x = 5, y = 3 adalah....","Kayaknya 4 deh. Soalnya 5 kuadrat kan 25, 3 kuadrat 9. Terus 25 kurang 9, eh, kok beda ya? Ah, 4 aja lah.",Try again + Delayed Topic Content,"```json
{
  ""Feedback_Type"": ""Try again + Delayed Topic Content"",
  ""Feedback"": ""Hai! Sepertinya ada sedikit kesalahan dalam perhitunganmu. Kamu sudah benar menghitung $5^2 = 25$ dan $3^2 = 9$. Namun, perhatikan bahwa operasi yang harus dilakukan adalah $x^2 - y^2$. Coba pikirkan kembali langkah-langkahnya dan hitung ulang. Kamu pasti bisa! Jika masih bingung, ingat bahwa $x^2 - y^2$ adalah bentuk dari perbedaan kuadrat. Semangat!""
}
```","{'Feedback_Type': 'Try again + Delayed Topic Content', 'Feedback': 'Hai! Sepertinya ada sedikit kesalahan dalam perhitunganmu. Kamu sudah benar menghitung $5^2 = 25$ dan $3^2 = 9$. Namun, perhatikan bahwa operasi yang harus dilakukan adalah $x^2 - y^2$. Coba pikirkan kembali langkah-langkahnya dan hitung ulang. Kamu pasti bisa! Jika masih bingung, ingat bahwa $x^2 - y^2$ adalah bentuk dari perbedaan kuadrat. Semangat!'}"
25,Bentuk sederhana dari 4x – [2x – (x – 3)] adalah....,3x + 3,"Gini aja, 4x – 2x – x + 3, jadi 1x + 3. Jawabannya x + 3.",Low,High,Correct Response + Response Contingent,Bentuk sederhana dari 4x – [2x – (x – 3)] adalah....,"Gini aja, 4x – 2x – x + 3, jadi 1x + 3. Jawabannya x + 3.",Correct Response + Response Contingent,"{
  ""Feedback_Type"": ""Correct Response + Response Contingent"",
  ""Feedback"": ""Hai! Kamu sudah melakukan langkah yang bagus dengan membuka kurungnya. Namun, ada sedikit kesalahan saat mengurangkan $2x - (x - 3)$. Ingat bahwa tanda negatif di depan kurung mempengaruhi semua elemen di dalam kurung. Coba perhatikan lagi langkah tersebut, dan pastikan kamu mengalikan tanda negatif dengan setiap elemen di dalam kurung. Kamu sudah sangat dekat dengan jawaban yang benar, jadi tetap semangat!""
}","{'Feedback_Type': 'Correct Response + Response Contingent', 'Feedback': 'Hai! Kamu sudah melakukan langkah yang bagus dengan membuka kurungnya. Namun, ada sedikit kesalahan saat mengurangkan $2x - (x - 3)$. Ingat bahwa tanda negatif di depan kurung mempengaruhi semua elemen di dalam kurung. Coba perhatikan lagi langkah tersebut, dan pastikan kamu mengalikan tanda negatif dengan setiap elemen di dalam kurung. Kamu sudah sangat dekat dengan jawaban yang benar, jadi tetap semangat!'}"
26,Hasil dari (a – 2)(a + 2) adalah....,a^2 – 4,"Lupa dikalikan silang, jadi hasilnya (a^2 – 4a + 4).",High,High,Try again + Delayed Topic Contingent,Hasil dari (a – 2)(a + 2) adalah....,"Lupa dikalikan silang, jadi hasilnya (a^2 – 4a + 4).",Try again + Delayed Topic Contingent,"```json
{
  ""Feedback_Type"": ""Try again + Delayed Topic Contingent"",
  ""Feedback"": ""Sepertinya kamu lupa menerapkan konsep perkalian dua suku yang berbentuk $(a - b)(a + b)$. Ingat bahwa hasil dari perkalian ini adalah bentuk selisih kuadrat. Coba ingat kembali rumusnya dan terapkan pada soal ini. Kamu sudah hampir benar, hanya perlu sedikit penyesuaian. Semangat!""
}
```","{'Feedback_Type': 'Try again + Delayed Topic Contingent', 'Feedback': 'Sepertinya kamu lupa menerapkan konsep perkalian dua suku yang berbentuk $(a - b)(a + b)$. Ingat bahwa hasil dari perkalian ini adalah bentuk selisih kuadrat. Coba ingat kembali rumusnya dan terapkan pada soal ini. Kamu sudah hampir benar, hanya perlu sedikit penyesuaian. Semangat!'}"
27,"Jika x = –1, maka nilai dari x^3 – 2x^2 + x adalah....",-2,"Eh, gampang! Kan x-nya -1, jadi hasilnya 4 dong.",High,Low,Correct Response + Topic Contingent,"Jika x = –1, maka nilai dari x^3 – 2x^2 + x adalah....","Eh, gampang! Kan x-nya -1, jadi hasilnya 4 dong.",Correct Response + Topic Contingent,"```json
{
  ""Feedback_Type"": ""Correct Response + Topic Contingent"",
  ""Feedback"": ""Hai! Kamu sudah benar memulai dengan mengganti $x$ dengan $-1$. Namun, sepertinya ada kesalahan dalam perhitunganmu. Yuk kita cek bersama-sama. Ingat, ketika menghitung $(-1)^3$, hasilnya adalah $-1$, bukan $1$. Coba hitung ulang setiap langkahnya dengan hati-hati, terutama saat mengalikan bilangan negatif. Semangat!""
}
```","{'Feedback_Type': 'Correct Response + Topic Contingent', 'Feedback': 'Hai! Kamu sudah benar memulai dengan mengganti $x$ dengan $-1$. Namun, sepertinya ada kesalahan dalam perhitunganmu. Yuk kita cek bersama-sama. Ingat, ketika menghitung $(-1)^3$, hasilnya adalah $-1$, bukan $1$. Coba hitung ulang setiap langkahnya dengan hati-hati, terutama saat mengalikan bilangan negatif. Semangat!'}"
28,Sederhanakan: –3(x – 2) + 2(x + 1),–x + 4,"Aduh, ribet amat. Jawabannya 5x – 4 aja deh.",Low,Low,Correct Response + Response Contingent,Sederhanakan: –3(x – 2) + 2(x + 1),"Aduh, ribet amat. Jawabannya 5x – 4 aja deh.",Correct Response + Response Contingent,"```json
{
  ""Feedback_Type"": ""Correct Response + Response Contingent"",
  ""Feedback"": ""Hai! Sepertinya kamu merasa soal ini ribet, tapi jangan khawatir, kita bisa coba pelan-pelan. Pertama, mari kita lihat langkah-langkahnya. Kamu perlu mendistribusikan angka di depan kurung ke setiap elemen di dalam kurung. Jadi, untuk $-3(x - 2)$, kamu kalikan $-3$ dengan $x$ dan $-3$ dengan $-2$. Lalu, lakukan hal yang sama untuk $2(x + 1)$. Setelah itu, kamu bisa menjumlahkan atau mengurangkan hasilnya. Yuk, coba lagi dengan cara ini, pasti bisa lebih mudah!""
}
```","{'Feedback_Type': 'Correct Response + Response Contingent', 'Feedback': 'Hai! Sepertinya kamu merasa soal ini ribet, tapi jangan khawatir, kita bisa coba pelan-pelan. Pertama, mari kita lihat langkah-langkahnya. Kamu perlu mendistribusikan angka di depan kurung ke setiap elemen di dalam kurung. Jadi, untuk $-3(x - 2)$, kamu kalikan $-3$ dengan $x$ dan $-3$ dengan $-2$. Lalu, lakukan hal yang sama untuk $2(x + 1)$. Setelah itu, kamu bisa menjumlahkan atau mengurangkan hasilnya. Yuk, coba lagi dengan cara ini, pasti bisa lebih mudah!'}"
29,"Jika a = 2, b = –1, maka nilai dari a^2 + ab – b^2 adalah....",1,"Hmm, kalau gak salah, jawabannya 3 deh.",Low,High,Correct Response + Response Contingent,"Jika a = 2, b = –1, maka nilai dari a^2 + ab – b^2 adalah....","Hmm, kalau gak salah, jawabannya 3 deh.",Correct Response + Response Contingent,"```json
{
  ""Feedback_Type"": ""Correct Response + Response Contingent"",
  ""Feedback"": ""Hai! Kamu sudah hampir benar, tapi ada sedikit kesalahan dalam perhitunganmu. Yuk, kita cek lagi langkah-langkahnya. Pertama, kita substitusi nilai $a = 2$ dan $b = -1$ ke dalam persamaan $a^2 + ab - b^2$. Jadi, kita hitung $a^2 = 2^2$, $ab = 2 \times (-1)$, dan $b^2 = (-1)^2$. Coba hitung ulang masing-masing bagian ini, dan lihat apakah hasilnya sesuai dengan jawabanmu. Semangat!""
}
```","{'Feedback_Type': 'Correct Response + Response Contingent', 'Feedback': 'Hai! Kamu sudah hampir benar, tapi ada sedikit kesalahan dalam perhitunganmu. Yuk, kita cek lagi langkah-langkahnya. Pertama, kita substitusi nilai $a = 2$ dan $b = -1$ ke dalam persamaan $a^2 + ab - b^2$. Jadi, kita hitung $a^2 = 2^2$, $ab = 2 \times (-1)$, dan $b^2 = (-1)^2$. Coba hitung ulang masing-masing bagian ini, dan lihat apakah hasilnya sesuai dengan jawabanmu. Semangat!'}"
30,Nilai dari (2x + 1)(x – 4) jika x = 3 adalah....,-5,"Aduh, ribet amat! Kan (2(3) + 1)(3 – 4) = (7)(-1). Jadi, hasilnya 7.",High,Low,Correct Response + Topic Contingent,Nilai dari (2x + 1)(x – 4) jika x = 3 adalah....,"Aduh, ribet amat! Kan (2(3) + 1)(3 – 4) = (7)(-1). Jadi, hasilnya 7.",Correct Response + Topic Contingent,"```json
{
  ""Feedback_Type"": ""Correct Response + Topic Contingent"",
  ""Feedback"": ""Hai! Kamu sudah memulai dengan baik dengan memasukkan nilai $x = 3$ ke dalam persamaan. Namun, ada sedikit kesalahan dalam perhitungan akhir. Kamu sudah benar menghitung $(2(3) + 1)$ menjadi $7$, tetapi perhatikan bahwa $(3 - 4)$ adalah $-1$. Jadi, ketika kamu mengalikan $7$ dengan $-1$, hasilnya seharusnya negatif. Coba periksa kembali langkah terakhir itu, ya! Kamu pasti bisa!""
}
```","{'Feedback_Type': 'Correct Response + Topic Contingent', 'Feedback': 'Hai! Kamu sudah memulai dengan baik dengan memasukkan nilai $x = 3$ ke dalam persamaan. Namun, ada sedikit kesalahan dalam perhitungan akhir. Kamu sudah benar menghitung $(2(3) + 1)$ menjadi $7$, tetapi perhatikan bahwa $(3 - 4)$ adalah $-1$. Jadi, ketika kamu mengalikan $7$ dengan $-1$, hasilnya seharusnya negatif. Coba periksa kembali langkah terakhir itu, ya! Kamu pasti bisa!'}"
31,Sederhanakan: (5x + 2) – (2x – 3),3x + 5,"Aduh, susah. Jadi 3x - 1, ya kan?",Low,Low,Correct Response + Response Contingent,Sederhanakan: (5x + 2) – (2x – 3),"Aduh, susah. Jadi 3x - 1, ya kan?",Correct Response + Response Contingent,"```json
{
  ""Feedback_Type"": ""Correct Response + Response Contingent"",
  ""Feedback"": ""Hai! Kamu sudah mencoba dengan baik. Mari kita lihat langkah-langkahnya bersama. Ketika kamu menyederhanakan $(5x + 2) - (2x - 3)$, ingat bahwa tanda minus di depan kurung kedua berarti kamu harus mengubah tanda setiap elemen di dalamnya. Jadi, $(2x - 3)$ menjadi $(-2x + 3)$. Coba pikirkan kembali langkah ini dan lihat apakah hasilnya bisa berbeda. Kamu pasti bisa!""
}
```","{'Feedback_Type': 'Correct Response + Response Contingent', 'Feedback': 'Hai! Kamu sudah mencoba dengan baik. Mari kita lihat langkah-langkahnya bersama. Ketika kamu menyederhanakan $(5x + 2) - (2x - 3)$, ingat bahwa tanda minus di depan kurung kedua berarti kamu harus mengubah tanda setiap elemen di dalamnya. Jadi, $(2x - 3)$ menjadi $(-2x + 3)$. Coba pikirkan kembali langkah ini dan lihat apakah hasilnya bisa berbeda. Kamu pasti bisa!'}"
32,"Jika x = 3 dan y = 2, maka nilai dari x^2 – y^2 adalah...",5,"Gini nih, harusnya 9 + 4, jadi 13, dong. Kan kuadrat semua.",Low,Low,Correct Response + Response Contingent,"Jika x = 3 dan y = 2, maka nilai dari x^2 – y^2 adalah...","Gini nih, harusnya 9 + 4, jadi 13, dong. Kan kuadrat semua.",Correct Response + Response Contingent,"```json
{
  ""Feedback_Type"": ""Correct Response + Response Contingent"",
  ""Feedback"": ""Hai! Sepertinya kamu sudah mencoba menyelesaikan soal ini dengan baik. Namun, ada sedikit kesalahan dalam perhitunganmu. Kamu menuliskan $9 + 4$, padahal yang benar adalah $x^2 - y^2$. Coba ingat kembali konsep operasi pengurangan setelah mengkuadratkan angka. Yuk, coba hitung lagi dengan teliti!""
}
```","{'Feedback_Type': 'Correct Response + Response Contingent', 'Feedback': 'Hai! Sepertinya kamu sudah mencoba menyelesaikan soal ini dengan baik. Namun, ada sedikit kesalahan dalam perhitunganmu. Kamu menuliskan $9 + 4$, padahal yang benar adalah $x^2 - y^2$. Coba ingat kembali konsep operasi pengurangan setelah mengkuadratkan angka. Yuk, coba hitung lagi dengan teliti!'}"
33,Bentuk sederhana dari 2(x + y) – 3(x – y) adalah....,–x + 5y,Bukannya jadi 5x – y ya? Itu kan cuma dikurang-kurang biasa aja.,Low,High,Verification + Delayed Correct Response + Response Contingent,Bentuk sederhana dari 2(x + y) – 3(x – y) adalah....,Bukannya jadi 5x – y ya? Itu kan cuma dikurang-kurang biasa aja.,Verification + Delayed Correct Response + Response Contingent,"```json
{
  ""Feedback_Type"": ""Verification + Delayed Correct Response + Response Contingent"",
  ""Feedback"": ""Hai! Sepertinya ada sedikit kesalahan dalam menyederhanakan ekspresi tersebut. Kamu sudah benar bahwa kita perlu mengurangkan, tetapi mari kita lihat langkah-langkahnya satu per satu. Pertama, kita harus mendistribusikan angka di luar kurung ke dalam kurung. Jadi, coba perhatikan kembali bagaimana kita mendistribusikan $2(x + y)$ dan $-3(x - y)$. Setelah itu, kita bisa menggabungkan suku-suku yang sejenis. Coba cek lagi langkah-langkahnya, dan kalau butuh bantuan lebih lanjut, aku siap membantu!""
}
```","{'Feedback_Type': 'Verification + Delayed Correct Response + Response Contingent', 'Feedback': 'Hai! Sepertinya ada sedikit kesalahan dalam menyederhanakan ekspresi tersebut. Kamu sudah benar bahwa kita perlu mengurangkan, tetapi mari kita lihat langkah-langkahnya satu per satu. Pertama, kita harus mendistribusikan angka di luar kurung ke dalam kurung. Jadi, coba perhatikan kembali bagaimana kita mendistribusikan $2(x + y)$ dan $-3(x - y)$. Setelah itu, kita bisa menggabungkan suku-suku yang sejenis. Coba cek lagi langkah-langkahnya, dan kalau butuh bantuan lebih lanjut, aku siap membantu!'}"
34,Hasil dari 3a(2a – 1) adalah....,6a^2 – 3a,"Gini nih, harusnya 6a - 3 aja, kan?",High,High,Try again + Delayed Topic Contingent,Hasil dari 3a(2a – 1) adalah....,"Gini nih, harusnya 6a - 3 aja, kan?",Try again + Delayed Topic Contingent,"```json
{
  ""Feedback_Type"": ""Try again + Delayed Topic Contingent"",
  ""Feedback"": ""Sepertinya ada sedikit kesalahan dalam mengalikan ekspresi di dalam kurung. Kamu sudah benar memulai dengan mengalikan $3a$ dengan setiap suku di dalam kurung $(2a - 1)$. Coba periksa kembali langkah-langkahnya, terutama saat mengalikan $3a$ dengan $2a$. Ingat, saat mengalikan dua suku yang memiliki variabel yang sama, kamu juga harus mengalikan koefisien dan menjumlahkan pangkat variabelnya. Yuk, coba lagi dan lihat apakah hasilnya berbeda!""
}
```","{'Feedback_Type': 'Try again + Delayed Topic Contingent', 'Feedback': 'Sepertinya ada sedikit kesalahan dalam mengalikan ekspresi di dalam kurung. Kamu sudah benar memulai dengan mengalikan $3a$ dengan setiap suku di dalam kurung $(2a - 1)$. Coba periksa kembali langkah-langkahnya, terutama saat mengalikan $3a$ dengan $2a$. Ingat, saat mengalikan dua suku yang memiliki variabel yang sama, kamu juga harus mengalikan koefisien dan menjumlahkan pangkat variabelnya. Yuk, coba lagi dan lihat apakah hasilnya berbeda!'}"
35,"Jika x = 0, y = 3, maka nilai dari 4x – y^2 adalah....",-9,"Kayaknya hasilnya 9 deh, soalnya 4 kali 0 kan 0, terus 3 kuadrat 9.",Low,Low,Correct Response + Response Contingent,"Jika x = 0, y = 3, maka nilai dari 4x – y^2 adalah....","Kayaknya hasilnya 9 deh, soalnya 4 kali 0 kan 0, terus 3 kuadrat 9.",Correct Response + Response Contingent,"```json
{
  ""Feedback_Type"": ""Correct Response + Response Contingent"",
  ""Feedback"": ""Hai! Kamu sudah benar dalam menghitung $4 \\times 0 = 0$. Namun, ada sedikit kesalahan dalam menghitung $y^2$. Ingat, $y = 3$, jadi $y^2$ berarti $3^2$. Coba hitung lagi $3^2$ dan lihat apakah hasilnya masih 9. Semangat!""
}
```","{'Feedback_Type': 'Correct Response + Response Contingent', 'Feedback': 'Hai! Kamu sudah benar dalam menghitung $4 \\times 0 = 0$. Namun, ada sedikit kesalahan dalam menghitung $y^2$. Ingat, $y = 3$, jadi $y^2$ berarti $3^2$. Coba hitung lagi $3^2$ dan lihat apakah hasilnya masih 9. Semangat!'}"
36,Hasil dari –(3x – 2) + (x + 5) adalah....,–2x + 7,"Waduh, ini kan cuma ditambahin aja, jadi -3x + x = -2x. Terus 2 + 5 = 7. Jadi -2x + 7. Eh, salah ya? Jadi -4x + 3 deh!",Low,Low,Correct Response + Response Contingent,Hasil dari –(3x – 2) + (x + 5) adalah....,"Waduh, ini kan cuma ditambahin aja, jadi -3x + x = -2x. Terus 2 + 5 = 7. Jadi -2x + 7. Eh, salah ya? Jadi -4x + 3 deh!",Correct Response + Response Contingent,"```json
{
  ""Feedback_Type"": ""Correct Response + Response Contingent"",
  ""Feedback"": ""Hai! Kamu sudah mencoba menyelesaikan soal ini, bagus sekali! Mari kita lihat langkah-langkahnya bersama. Pertama, kita harus mengingat bahwa tanda negatif di depan kurung berarti kita harus mendistribusikan tanda negatif ke setiap elemen di dalam kurung. Jadi, untuk $-(3x - 2)$, hasilnya adalah $-3x + 2$. Kemudian, kita tambahkan dengan $(x + 5)$. Langkah berikutnya adalah menggabungkan suku-suku yang sejenis. Kamu sudah benar dalam menggabungkan $-3x$ dan $x$, tetapi coba periksa kembali hasil penjumlahannya. Untuk konstanta, kamu juga perlu menjumlahkan $2$ dan $5$. Coba periksa kembali langkah-langkah ini, dan kamu pasti bisa menemukan jawabannya! Semangat!""
}
```","{'Feedback_Type': 'Correct Response + Response Contingent', 'Feedback': 'Hai! Kamu sudah mencoba menyelesaikan soal ini, bagus sekali! Mari kita lihat langkah-langkahnya bersama. Pertama, kita harus mengingat bahwa tanda negatif di depan kurung berarti kita harus mendistribusikan tanda negatif ke setiap elemen di dalam kurung. Jadi, untuk $-(3x - 2)$, hasilnya adalah $-3x + 2$. Kemudian, kita tambahkan dengan $(x + 5)$. Langkah berikutnya adalah menggabungkan suku-suku yang sejenis. Kamu sudah benar dalam menggabungkan $-3x$ dan $x$, tetapi coba periksa kembali hasil penjumlahannya. Untuk konstanta, kamu juga perlu menjumlahkan $2$ dan $5$. Coba periksa kembali langkah-langkah ini, dan kamu pasti bisa menemukan jawabannya! Semangat!'}"
37,"Jika a = 1 dan b = –3, maka nilai dari ab – 2a + b adalah....",-4,Kayanya 2 deh.,High,High,Try again + Delayed Topic Content,"Jika a = 1 dan b = –3, maka nilai dari ab – 2a + b adalah....",Kayanya 2 deh.,Try again + Delayed Topic Content,"```json
{
  ""Feedback_Type"": ""Try again + Delayed Topic Content"",
  ""Feedback"": ""Hai! Sepertinya ada sedikit kesalahan dalam perhitunganmu. Yuk, kita coba lagi. Kamu sudah tahu bahwa $a = 1$ dan $b = -3$. Coba substitusi nilai-nilai ini ke dalam ekspresi $ab - 2a + b$. Ingat, urutan operasi matematika penting, jadi pastikan kamu mengalikan dulu sebelum menambahkan atau mengurangkan. Setelah kamu coba lagi, kita bisa diskusikan lebih lanjut jika masih ada yang bingung. Semangat!""
}
```","{'Feedback_Type': 'Try again + Delayed Topic Content', 'Feedback': 'Hai! Sepertinya ada sedikit kesalahan dalam perhitunganmu. Yuk, kita coba lagi. Kamu sudah tahu bahwa $a = 1$ dan $b = -3$. Coba substitusi nilai-nilai ini ke dalam ekspresi $ab - 2a + b$. Ingat, urutan operasi matematika penting, jadi pastikan kamu mengalikan dulu sebelum menambahkan atau mengurangkan. Setelah kamu coba lagi, kita bisa diskusikan lebih lanjut jika masih ada yang bingung. Semangat!'}"
38,Hasil dari (2x + 3)(x – 1) adalah....,2x^2 + x – 3,"Ah, gampang nih, hasilnya 2x^2 – 3.",High,High,Try again + Delayed Topic Content,Hasil dari (2x + 3)(x – 1) adalah....,"Ah, gampang nih, hasilnya 2x^2 – 3.",Try again + Delayed Topic Content,"```json
{
  ""Feedback_Type"": ""Try again + Delayed Topic Content"",
  ""Feedback"": ""Hey, coba perhatikan lagi langkah-langkahnya. Kamu sudah mulai dengan baik, tapi ada sedikit kesalahan dalam mengalikan dua suku. Ingat, ketika mengalikan $(2x + 3)(x - 1)$, kamu perlu mengalikan setiap suku di dalam kurung pertama dengan setiap suku di dalam kurung kedua. Coba pikirkan lagi bagaimana cara mengalikan $2x$ dengan $x$ dan $-1$, serta $3$ dengan $x$ dan $-1$. Setelah itu, gabungkan semua hasilnya. Kamu pasti bisa!""
}
```","{'Feedback_Type': 'Try again + Delayed Topic Content', 'Feedback': 'Hey, coba perhatikan lagi langkah-langkahnya. Kamu sudah mulai dengan baik, tapi ada sedikit kesalahan dalam mengalikan dua suku. Ingat, ketika mengalikan $(2x + 3)(x - 1)$, kamu perlu mengalikan setiap suku di dalam kurung pertama dengan setiap suku di dalam kurung kedua. Coba pikirkan lagi bagaimana cara mengalikan $2x$ dengan $x$ dan $-1$, serta $3$ dengan $x$ dan $-1$. Setelah itu, gabungkan semua hasilnya. Kamu pasti bisa!'}"
39,Nilai dari 2(x – 1) + 3(x + 4) adalah....,5x + 8,"Yah, jawabannya 5x + 10, kan? *pikirku*",High,High,Try again + Delayed Topic Contingent,Nilai dari 2(x – 1) + 3(x + 4) adalah....,"Yah, jawabannya 5x + 10, kan? *pikirku*",Try again + Delayed Topic Contingent,"{
  ""Feedback_Type"": ""Try again + Delayed Topic Contingent"",
  ""Feedback"": ""Hai! Sepertinya ada sedikit kesalahan dalam langkahmu. Kamu sudah benar memulai dengan mendistribusikan angka ke dalam kurung, tetapi coba periksa kembali langkah-langkah distribusi dan penjumlahan yang kamu lakukan. Ingat, ketika mendistribusikan, pastikan setiap bagian dalam kurung dikalikan dengan angka di luar kurung. Setelah itu, coba gabungkan suku-suku yang sejenis. Kamu pasti bisa! Jika masih bingung, kita bisa diskusikan lebih lanjut tentang cara mendistribusikan dan menyederhanakan ekspresi aljabar.""
}","{'Feedback_Type': 'Try again + Delayed Topic Contingent', 'Feedback': 'Hai! Sepertinya ada sedikit kesalahan dalam langkahmu. Kamu sudah benar memulai dengan mendistribusikan angka ke dalam kurung, tetapi coba periksa kembali langkah-langkah distribusi dan penjumlahan yang kamu lakukan. Ingat, ketika mendistribusikan, pastikan setiap bagian dalam kurung dikalikan dengan angka di luar kurung. Setelah itu, coba gabungkan suku-suku yang sejenis. Kamu pasti bisa! Jika masih bingung, kita bisa diskusikan lebih lanjut tentang cara mendistribusikan dan menyederhanakan ekspresi aljabar.'}"
40,Sederhanakan: 5m – (2m – 4),3m + 4,"Duh, ini mah gampang. Jawabannya 3m - 4 kan?",High,Low,Correct Response + Topic Contingent,Sederhanakan: 5m – (2m – 4),"Duh, ini mah gampang. Jawabannya 3m - 4 kan?",Correct Response + Topic Contingent,"```json
{
  ""Feedback_Type"": ""Correct Response + Topic Contingent"",
  ""Feedback"": ""Hai! Kamu sudah hampir benar, tetapi ada sedikit kesalahan dalam menyederhanakan ekspresi tersebut. Kamu menulis jawabannya sebagai $3m - 4$, tetapi mari kita lihat lagi langkah-langkahnya. Ketika kita punya ekspresi $5m - (2m - 4)$, kita perlu memperhatikan tanda negatif di depan kurung. Coba ingat kembali bagaimana cara mendistribusikan tanda negatif ke dalam kurung. Kamu pasti bisa menyelesaikannya dengan benar!""
}
```","{'Feedback_Type': 'Correct Response + Topic Contingent', 'Feedback': 'Hai! Kamu sudah hampir benar, tetapi ada sedikit kesalahan dalam menyederhanakan ekspresi tersebut. Kamu menulis jawabannya sebagai $3m - 4$, tetapi mari kita lihat lagi langkah-langkahnya. Ketika kita punya ekspresi $5m - (2m - 4)$, kita perlu memperhatikan tanda negatif di depan kurung. Coba ingat kembali bagaimana cara mendistribusikan tanda negatif ke dalam kurung. Kamu pasti bisa menyelesaikannya dengan benar!'}"
41,"Bentuk aljabar dari ""tiga kali jumlah p dan q"" adalah....",3(p + q),"Ah, gampang! 3p + q, kan?",High,High,Try again + Delayed Topic Contingent,"Bentuk aljabar dari ""tiga kali jumlah p dan q"" adalah....","Ah, gampang! 3p + q, kan?",Try again + Delayed Topic Contingent,"```json
{
  ""Feedback_Type"": ""Try again + Delayed Topic Contingent"",
  ""Feedback"": ""Hei, bagus usaha kamu! Tapi coba perhatikan lagi kata-kata dalam soal. 'Tiga kali jumlah p dan q' berarti kita harus menjumlahkan p dan q terlebih dahulu, baru dikalikan tiga. Coba pikirkan bagaimana cara menuliskan itu dalam bentuk aljabar. Kamu pasti bisa!""
}
```","{'Feedback_Type': 'Try again + Delayed Topic Contingent', 'Feedback': ""Hei, bagus usaha kamu! Tapi coba perhatikan lagi kata-kata dalam soal. 'Tiga kali jumlah p dan q' berarti kita harus menjumlahkan p dan q terlebih dahulu, baru dikalikan tiga. Coba pikirkan bagaimana cara menuliskan itu dalam bentuk aljabar. Kamu pasti bisa!""}"
42,Nilai dari (2x^2 – 3x + 1) saat x = 1 adalah....,2,"Gini nih, gampang! Jawabannya 4, kan?",Low,Low,Correct Response + Response Contingent,Nilai dari (2x^2 – 3x + 1) saat x = 1 adalah....,"Gini nih, gampang! Jawabannya 4, kan?",Correct Response + Response Contingent,"```json
{
  ""Feedback_Type"": ""Correct Response + Response Contingent"",
  ""Feedback"": ""Hai! Kamu sudah mencoba menyelesaikan soal ini, bagus sekali! Namun, sepertinya ada sedikit kesalahan dalam perhitunganmu. Yuk, kita cek lagi langkah-langkahnya. Ketika kita ingin mencari nilai dari $2x^2 - 3x + 1$ saat $x = 1$, kita harus mengganti $x$ dengan 1 di setiap tempat yang ada $x$. Coba hitung lagi dengan hati-hati, dan pastikan setiap langkahnya benar. Kamu pasti bisa!""
}
```","{'Feedback_Type': 'Correct Response + Response Contingent', 'Feedback': 'Hai! Kamu sudah mencoba menyelesaikan soal ini, bagus sekali! Namun, sepertinya ada sedikit kesalahan dalam perhitunganmu. Yuk, kita cek lagi langkah-langkahnya. Ketika kita ingin mencari nilai dari $2x^2 - 3x + 1$ saat $x = 1$, kita harus mengganti $x$ dengan 1 di setiap tempat yang ada $x$. Coba hitung lagi dengan hati-hati, dan pastikan setiap langkahnya benar. Kamu pasti bisa!'}"
43,"Jika a = –3, maka nilai dari a^2 – 4a adalah....",21,"Kayaknya hasilnya 9, deh. Aku kaliin aja 3 sama 3, terus kurangin 4 kali 3, jadi 9 dikurang 12.",High,High,Try again + Delayed Topic Content,"Jika a = –3, maka nilai dari a^2 – 4a adalah....","Kayaknya hasilnya 9, deh. Aku kaliin aja 3 sama 3, terus kurangin 4 kali 3, jadi 9 dikurang 12.",Try again + Delayed Topic Content,"```json
{
  ""Feedback_Type"": ""Try again + Delayed Topic Content"",
  ""Feedback"": ""Sepertinya ada sedikit kesalahan dalam perhitunganmu. Kamu sudah benar memulai dengan $a = -3$, tapi ingat bahwa $a^2$ berarti $(-3)^2$, bukan $3 \times 3$. Coba pikirkan kembali bagaimana cara menghitung $a^2$ dan $-4a$. Setelah itu, coba hitung ulang dan lihat apakah hasilnya berbeda. Kamu pasti bisa!""
}
```","{'Feedback_Type': 'Try again + Delayed Topic Content', 'Feedback': 'Sepertinya ada sedikit kesalahan dalam perhitunganmu. Kamu sudah benar memulai dengan $a = -3$, tapi ingat bahwa $a^2$ berarti $(-3)^2$, bukan $3 \times 3$. Coba pikirkan kembali bagaimana cara menghitung $a^2$ dan $-4a$. Setelah itu, coba hitung ulang dan lihat apakah hasilnya berbeda. Kamu pasti bisa!'}"
44,"Jika x = 2, y = –1, maka nilai dari 3x – 4y adalah....",10,"Duh, 3(2) kan 6, terus 4(-1) jadi -4, jadi 6-4=2! Harusnya 2, kan?",Low,Low,Correct Response + Response Contingent,"Jika x = 2, y = –1, maka nilai dari 3x – 4y adalah....","Duh, 3(2) kan 6, terus 4(-1) jadi -4, jadi 6-4=2! Harusnya 2, kan?",Correct Response + Response Contingent,"```json
{
  ""Feedback_Type"": ""Correct Response + Response Contingent"",
  ""Feedback"": ""Hai! Kamu sudah memulai dengan baik dengan menghitung $3(2) = 6$. Namun, ada sedikit kesalahan saat menghitung $4(-1)$. Ingat, ketika kamu mengalikan angka negatif, hasilnya juga akan negatif. Jadi, coba periksa kembali perhitungan $4(-1)$ dan lihat apakah hasilnya tetap sama. Kamu pasti bisa!""
}
```","{'Feedback_Type': 'Correct Response + Response Contingent', 'Feedback': 'Hai! Kamu sudah memulai dengan baik dengan menghitung $3(2) = 6$. Namun, ada sedikit kesalahan saat menghitung $4(-1)$. Ingat, ketika kamu mengalikan angka negatif, hasilnya juga akan negatif. Jadi, coba periksa kembali perhitungan $4(-1)$ dan lihat apakah hasilnya tetap sama. Kamu pasti bisa!'}"
45,Hasil dari (x – 3)(x + 3) adalah....,x^2 - 9,Kayaknya hasilnya x^2 + 9 deh.,High,Low,Correct Response + Topic Contingent,Hasil dari (x – 3)(x + 3) adalah....,Kayaknya hasilnya x^2 + 9 deh.,Correct Response + Topic Contingent,"```json
{
  ""Feedback_Type"": ""Correct Response + Topic Contingent"",
  ""Feedback"": ""Hai! Sepertinya kamu sudah mencoba mengalikan dua binomial, yaitu $(x - 3)(x + 3)$. Namun, hasil yang kamu dapatkan, $x^2 + 9$, belum tepat. Coba ingat kembali konsep perkalian dua binomial yang berbentuk $(a - b)(a + b)$. Ada pola khusus yang bisa kita gunakan di sini. Yuk, coba pikirkan lagi bagaimana cara mengalikan dua binomial ini dengan benar. Kamu pasti bisa!""
}
```","{'Feedback_Type': 'Correct Response + Topic Contingent', 'Feedback': 'Hai! Sepertinya kamu sudah mencoba mengalikan dua binomial, yaitu $(x - 3)(x + 3)$. Namun, hasil yang kamu dapatkan, $x^2 + 9$, belum tepat. Coba ingat kembali konsep perkalian dua binomial yang berbentuk $(a - b)(a + b)$. Ada pola khusus yang bisa kita gunakan di sini. Yuk, coba pikirkan lagi bagaimana cara mengalikan dua binomial ini dengan benar. Kamu pasti bisa!'}"
46,Sederhanakan: 4p + 3q – 2p – q,2p + 2q,"Ah, gampang nih! Jawabannya 6p + 4q kan?",High,High,Try again + Delayed Topic Contingent,Sederhanakan: 4p + 3q – 2p – q,"Ah, gampang nih! Jawabannya 6p + 4q kan?",Try again + Delayed Topic Contingent,"```json
{
  ""Feedback_Type"": ""Try again + Delayed Topic Contingent"",
  ""Feedback"": ""Hei, bagus banget semangatnya! Tapi coba kita lihat lagi langkah-langkahnya. Kamu sudah benar memulai dengan menyederhanakan, tapi coba perhatikan lagi koefisien dari variabel $p$ dan $q$. Ingat, kita harus menggabungkan suku-suku sejenis. Yuk, coba lagi dan lihat apakah ada yang terlewat. Kamu pasti bisa!""
}
```","{'Feedback_Type': 'Try again + Delayed Topic Contingent', 'Feedback': 'Hei, bagus banget semangatnya! Tapi coba kita lihat lagi langkah-langkahnya. Kamu sudah benar memulai dengan menyederhanakan, tapi coba perhatikan lagi koefisien dari variabel $p$ dan $q$. Ingat, kita harus menggabungkan suku-suku sejenis. Yuk, coba lagi dan lihat apakah ada yang terlewat. Kamu pasti bisa!'}"
47,Hasil pengurangan (6y + 4) – (2y + 7) adalah....,4y – 3,"Hmm, gampang! Kayaknya 8y + 11 deh?",Low,Low,Correct Response + Response Contingent,Hasil pengurangan (6y + 4) – (2y + 7) adalah....,"Hmm, gampang! Kayaknya 8y + 11 deh?",Correct Response + Response Contingent,"```json
{
  ""Feedback_Type"": ""Correct Response + Response Contingent"",
  ""Feedback"": ""Hai! Sepertinya kamu semangat sekali mengerjakan soal ini, bagus! Namun, ada sedikit kesalahan dalam perhitunganmu. Coba kita lihat lagi langkah-langkahnya. Ketika kita mengurangkan $(6y + 4) - (2y + 7)$, kita perlu mengurangkan setiap bagian dari ekspresi. Jadi, kita kurangkan $6y$ dengan $2y$ dan $4$ dengan $7$. Coba pikirkan kembali bagaimana cara mengurangkan bilangan-bilangan ini. Kamu pasti bisa!""
}
```","{'Feedback_Type': 'Correct Response + Response Contingent', 'Feedback': 'Hai! Sepertinya kamu semangat sekali mengerjakan soal ini, bagus! Namun, ada sedikit kesalahan dalam perhitunganmu. Coba kita lihat lagi langkah-langkahnya. Ketika kita mengurangkan $(6y + 4) - (2y + 7)$, kita perlu mengurangkan setiap bagian dari ekspresi. Jadi, kita kurangkan $6y$ dengan $2y$ dan $4$ dengan $7$. Coba pikirkan kembali bagaimana cara mengurangkan bilangan-bilangan ini. Kamu pasti bisa!'}"
48,Hasil dari (x + 2) + (x – 5) adalah....,2x – 3,"Aduh, gampang! x^2 - 3.",High,Low,Correct Response + Topic Contingent,Hasil dari (x + 2) + (x – 5) adalah....,"Aduh, gampang! x^2 - 3.",Correct Response + Topic Contingent,"{
  ""Feedback_Type"": ""Correct Response + Topic Contingent"",
  ""Feedback"": ""Hai! Sepertinya kamu salah dalam memahami operasi penjumlahan aljabar. Kamu menulis $x^2 - 3$, padahal kita hanya perlu menjumlahkan dua ekspresi linear: $(x + 2)$ dan $(x - 5)$. Coba perhatikan kembali bagaimana cara menjumlahkan koefisien dan konstanta dari kedua ekspresi tersebut. Kamu pasti bisa!""
}","{'Feedback_Type': 'Correct Response + Topic Contingent', 'Feedback': 'Hai! Sepertinya kamu salah dalam memahami operasi penjumlahan aljabar. Kamu menulis $x^2 - 3$, padahal kita hanya perlu menjumlahkan dua ekspresi linear: $(x + 2)$ dan $(x - 5)$. Coba perhatikan kembali bagaimana cara menjumlahkan koefisien dan konstanta dari kedua ekspresi tersebut. Kamu pasti bisa!'}"
49,"Bentuk aljabar dari ""hasil kali 5 dan y"" adalah....",5y,"Hasil kali 5 sama y? Hmm, 5 + y aja deh.",Low,High,Verification + Delayed Correct Response + Response Contingent,"Bentuk aljabar dari ""hasil kali 5 dan y"" adalah....","Hasil kali 5 sama y? Hmm, 5 + y aja deh.",Verification + Delayed Correct Response + Response Contingent,"```json
{
  ""Feedback_Type"": ""Verification + Delayed Correct Response + Response Contingent"",
  ""Feedback"": ""Hmm, sepertinya ada sedikit kebingungan di sini. Kamu menulis '5 + y', yang artinya penjumlahan antara 5 dan y. Namun, soal meminta 'hasil kali', yang berarti kita perlu memikirkan tentang perkalian. Coba ingat-ingat lagi, bagaimana cara menulis hasil kali dari dua angka atau variabel dalam bentuk aljabar? Jangan khawatir, kamu sudah berada di jalur yang benar dengan mencoba! Yuk, coba pikirkan kembali dan lihat apakah kamu bisa menemukan bentuk yang tepat.""
}
```","{'Feedback_Type': 'Verification + Delayed Correct Response + Response Contingent', 'Feedback': ""Hmm, sepertinya ada sedikit kebingungan di sini. Kamu menulis '5 + y', yang artinya penjumlahan antara 5 dan y. Namun, soal meminta 'hasil kali', yang berarti kita perlu memikirkan tentang perkalian. Coba ingat-ingat lagi, bagaimana cara menulis hasil kali dari dua angka atau variabel dalam bentuk aljabar? Jangan khawatir, kamu sudah berada di jalur yang benar dengan mencoba! Yuk, coba pikirkan kembali dan lihat apakah kamu bisa menemukan bentuk yang tepat.""}"
50,"Bentuk aljabar dari ""selisih x dan 7"" adalah....",x – 7,"Hmm, 7 dikurangi x kali ya?",Low,Low,Correct Response + Response Contingent,"Bentuk aljabar dari ""selisih x dan 7"" adalah....","Hmm, 7 dikurangi x kali ya?",Correct Response + Response Contingent,"```json
{
  ""Feedback_Type"": ""Correct Response + Response Contingent"",
  ""Feedback"": ""Sepertinya kamu sedikit bingung dengan istilah 'selisih'. 'Selisih' berarti hasil pengurangan, jadi kita perlu mengurangi satu angka dari angka lainnya. Dalam hal ini, 'selisih x dan 7' berarti kita mengurangi 7 dari x, bukan sebaliknya. Coba pikirkan lagi, bagaimana bentuk aljabar yang tepat untuk ini? Jika kamu masih bingung, ingat bahwa urutan dalam pengurangan itu penting!""
}
```","{'Feedback_Type': 'Correct Response + Response Contingent', 'Feedback': ""Sepertinya kamu sedikit bingung dengan istilah 'selisih'. 'Selisih' berarti hasil pengurangan, jadi kita perlu mengurangi satu angka dari angka lainnya. Dalam hal ini, 'selisih x dan 7' berarti kita mengurangi 7 dari x, bukan sebaliknya. Coba pikirkan lagi, bagaimana bentuk aljabar yang tepat untuk ini? Jika kamu masih bingung, ingat bahwa urutan dalam pengurangan itu penting!""}"
