,No,Soal_x,Jawaban,Jawaban_Salah,SPK,SAL,Final_Feedback_Type,Soal_y,Student_Answer,Feedback_Type,Generated_Feedback,dict_generated_feedback
0,1,"Jika x=5, maka nilai dari 3x+2 adalah â€¦",17,"Aduh, ribet amat! Hasilnya 2xÂ² â€“ 4 aja deh.",High,High,Try again + Delayed Topic Contingent,"Jika x=5, maka nilai dari 3x+2 adalah â€¦","Aduh, ribet amat! Hasilnya 2xÂ² â€“ 4 aja deh.",Try again + Delayed Topic Contingent,"```json
{
  ""Feedback_Type"": ""Try again + Delayed Topic Contingent"",
  ""Feedback"": ""Hai! Sepertinya kamu salah memahami soal. Soal ini meminta kita untuk menghitung nilai dari $3x + 2$ ketika $x = 5$. Coba ingat kembali cara mengganti nilai $x$ dalam persamaan. Kamu bisa mulai dengan mengganti $x$ dengan 5 dan menghitung hasilnya. Jangan khawatir, ini lebih sederhana dari yang kamu kira! Setelah itu, kita bisa diskusikan lebih lanjut tentang bagaimana menyederhanakan ekspresi aljabar yang lebih rumit seperti $2x^2 - 4$. Semangat!""
}
```","{'Feedback_Type': 'Try again + Delayed Topic Contingent', 'Feedback': 'Hai! Sepertinya kamu salah memahami soal. Soal ini meminta kita untuk menghitung nilai dari $3x + 2$ ketika $x = 5$. Coba ingat kembali cara mengganti nilai $x$ dalam persamaan. Kamu bisa mulai dengan mengganti $x$ dengan 5 dan menghitung hasilnya. Jangan khawatir, ini lebih sederhana dari yang kamu kira! Setelah itu, kita bisa diskusikan lebih lanjut tentang bagaimana menyederhanakan ekspresi aljabar yang lebih rumit seperti $2x^2 - 4$. Semangat!'}"
1,2,Hasil dari (2x â€“ 1)(x + 4) adalah....,2x^2 + 7x â€“ 1,Kayaknya hasilnya 2x^2 + 3x â€“ 4 deh!,High,High,Try again + Delayed Topic Contingent,Hasil dari (2x â€“ 1)(x + 4) adalah....,Kayaknya hasilnya 2x^2 + 3x â€“ 4 deh!,Try again + Delayed Topic Contingent,"```json
{
  ""Feedback_Type"": ""Try again + Delayed Topic Contingent"",
  ""Feedback"": ""Hai! Sepertinya kamu sudah hampir benar, tetapi ada sedikit kesalahan dalam perhitunganmu. Yuk, kita coba lagi! Ingat, ketika kita mengalikan dua bentuk aljabar seperti $(2x - 1)(x + 4)$, kita perlu menggunakan metode distribusi atau FOIL (First, Outer, Inner, Last). Coba periksa kembali langkah-langkahmu, terutama saat mengalikan bagian 'Outer' dan 'Inner'. Setelah kamu mencoba lagi, kita bisa diskusikan lebih lanjut jika masih ada yang membingungkan. Semangat!""
}
```","{'Feedback_Type': 'Try again + Delayed Topic Contingent', 'Feedback': ""Hai! Sepertinya kamu sudah hampir benar, tetapi ada sedikit kesalahan dalam perhitunganmu. Yuk, kita coba lagi! Ingat, ketika kita mengalikan dua bentuk aljabar seperti $(2x - 1)(x + 4)$, kita perlu menggunakan metode distribusi atau FOIL (First, Outer, Inner, Last). Coba periksa kembali langkah-langkahmu, terutama saat mengalikan bagian 'Outer' dan 'Inner'. Setelah kamu mencoba lagi, kita bisa diskusikan lebih lanjut jika masih ada yang membingungkan. Semangat!""}"
2,3,Faktorisasi dari x^2 â€“ 2x â€“ 8 adalah....,(x â€“ 4)(x + 2),"Ah, gampang nih! Jawabannya (x - 2)(x + 4).",High,Low,Correct Response + Topic Contingent,Faktorisasi dari x^2 â€“ 2x â€“ 8 adalah....,"Ah, gampang nih! Jawabannya (x - 2)(x + 4).",Correct Response + Topic Contingent,"```json
{
  ""Feedback_Type"": ""Correct Response + Topic Contingent"",
  ""Feedback"": ""Hai! Kamu sudah berusaha dengan baik, tetapi ada sedikit kesalahan dalam faktorisasi. Jawaban kamu adalah $(x - 2)(x + 4)$, tetapi faktorisasi yang benar dari $x^2 - 2x - 8$ adalah $(x - 4)(x + 2)$. Coba perhatikan tanda dan angka yang digunakan dalam faktorisasi. Ingat, kamu bisa memeriksa kembali dengan mengalikan hasil faktorisasi untuk memastikan hasilnya sesuai dengan ekspresi awal. Terus semangat belajar!""
}
```","{'Feedback_Type': 'Correct Response + Topic Contingent', 'Feedback': 'Hai! Kamu sudah berusaha dengan baik, tetapi ada sedikit kesalahan dalam faktorisasi. Jawaban kamu adalah $(x - 2)(x + 4)$, tetapi faktorisasi yang benar dari $x^2 - 2x - 8$ adalah $(x - 4)(x + 2)$. Coba perhatikan tanda dan angka yang digunakan dalam faktorisasi. Ingat, kamu bisa memeriksa kembali dengan mengalikan hasil faktorisasi untuk memastikan hasilnya sesuai dengan ekspresi awal. Terus semangat belajar!'}"
3,4,"Jika x = â€“1, maka nilai dari (x + 2)(x â€“ 3) adalah....",â€“4,"Wah, ini gampang! Jawabannya 10.",High,High,Try again + Delayed Topic Content,"Jika x = â€“1, maka nilai dari (x + 2)(x â€“ 3) adalah....","Wah, ini gampang! Jawabannya 10.",Try again + Delayed Topic Content,"```json
{
  ""Feedback_Type"": ""Try again + Delayed Topic Content"",
  ""Feedback"": ""Sepertinya ada sedikit kesalahan dalam perhitunganmu. Kamu sudah benar dalam memulai dengan mengganti $x$ dengan $-1$ dalam ekspresi $(x + 2)(x - 3)$. Coba hitung kembali langkah-langkahnya dengan hati-hati. Ingat, ketika kamu mengganti $x$ dengan $-1$, pastikan kamu mengikuti urutan operasi dengan benar. Jika kamu butuh referensi, coba lihat kembali soal nomor 4 dan perhatikan bagaimana cara menyederhanakan ekspresi aljabar. Kamu pasti bisa menemukan jawabannya!""
}
```","{'Feedback_Type': 'Try again + Delayed Topic Content', 'Feedback': 'Sepertinya ada sedikit kesalahan dalam perhitunganmu. Kamu sudah benar dalam memulai dengan mengganti $x$ dengan $-1$ dalam ekspresi $(x + 2)(x - 3)$. Coba hitung kembali langkah-langkahnya dengan hati-hati. Ingat, ketika kamu mengganti $x$ dengan $-1$, pastikan kamu mengikuti urutan operasi dengan benar. Jika kamu butuh referensi, coba lihat kembali soal nomor 4 dan perhatikan bagaimana cara menyederhanakan ekspresi aljabar. Kamu pasti bisa menemukan jawabannya!'}"
4,5,Hasil dari (3x â€“ 2)(x + 1) adalah....,3x^2 + x â€“ 2,"Hmm, salah deh kayaknya. Kan harusnya $3x^2 - 2$ aja.",Low,Low,Correct Response + Response Contingent,Hasil dari (3x â€“ 2)(x + 1) adalah....,"Hmm, salah deh kayaknya. Kan harusnya $3x^2 - 2$ aja.",Correct Response + Response Contingent,"```json
{
  ""Feedback_Type"": ""Correct Response + Response Contingent"",
  ""Feedback"": ""Hai! Sepertinya kamu sedikit bingung dengan cara mengalikan dua bentuk aljabar. Mari kita coba bersama-sama. Ketika kita mengalikan $(3x - 2)(x + 1)$, kita perlu menggunakan metode distributif. Artinya, kita kalikan setiap suku dalam kurung pertama dengan setiap suku dalam kurung kedua. Jadi, kita kalikan $3x$ dengan $x$, lalu $3x$ dengan $1$, kemudian $-2$ dengan $x$, dan terakhir $-2$ dengan $1$. Coba pikirkan kembali langkah-langkah ini dan lihat apakah kamu bisa menemukan hasil yang benar. Jangan khawatir, ini memang butuh latihan. Kamu pasti bisa!""
}
```","{'Feedback_Type': 'Correct Response + Response Contingent', 'Feedback': 'Hai! Sepertinya kamu sedikit bingung dengan cara mengalikan dua bentuk aljabar. Mari kita coba bersama-sama. Ketika kita mengalikan $(3x - 2)(x + 1)$, kita perlu menggunakan metode distributif. Artinya, kita kalikan setiap suku dalam kurung pertama dengan setiap suku dalam kurung kedua. Jadi, kita kalikan $3x$ dengan $x$, lalu $3x$ dengan $1$, kemudian $-2$ dengan $x$, dan terakhir $-2$ dengan $1$. Coba pikirkan kembali langkah-langkah ini dan lihat apakah kamu bisa menemukan hasil yang benar. Jangan khawatir, ini memang butuh latihan. Kamu pasti bisa!'}"
5,6,"Jika x = 4, maka nilai dari x^3 â€“ 2x^2 + 3x â€“ 1 adalah....",27,"Wah, ini gampang banget! Jawabannya 4^3 = 64.",Low,Low,Correct Response + Response Contingent,"Jika x = 4, maka nilai dari x^3 â€“ 2x^2 + 3x â€“ 1 adalah....","Wah, ini gampang banget! Jawabannya 4^3 = 64.",Correct Response + Response Contingent,"```json
{
  ""Feedback_Type"": ""Correct Response + Response Contingent"",
  ""Feedback"": ""Hai! Kamu sudah memulai dengan baik dengan menghitung $4^3 = 64$. Namun, jangan lupa bahwa kita perlu menghitung seluruh ekspresi $x^3 - 2x^2 + 3x - 1$ dengan $x = 4$. Coba deh, lanjutkan dengan menghitung bagian lainnya: $-2x^2$, $3x$, dan $-1$. Setelah itu, jumlahkan semua hasilnya. Kamu pasti bisa!""
}
```","{'Feedback_Type': 'Correct Response + Response Contingent', 'Feedback': 'Hai! Kamu sudah memulai dengan baik dengan menghitung $4^3 = 64$. Namun, jangan lupa bahwa kita perlu menghitung seluruh ekspresi $x^3 - 2x^2 + 3x - 1$ dengan $x = 4$. Coba deh, lanjutkan dengan menghitung bagian lainnya: $-2x^2$, $3x$, dan $-1$. Setelah itu, jumlahkan semua hasilnya. Kamu pasti bisa!'}"
6,7,Sederhanakan: 2x â€“ 3(x â€“ 2),â€“x + 6,"Aduh, ribet amat! Jawabannya 5x - 6.",Low,High,Correct Response + Response Contingent,Sederhanakan: 2x â€“ 3(x â€“ 2),"Aduh, ribet amat! Jawabannya 5x - 6.",Correct Response + Response Contingent,"```json
{
  ""Feedback_Type"": ""Correct Response + Response Contingent"",
  ""Feedback"": ""Hai! Kamu sudah berusaha keras, dan itu bagus sekali. Namun, ada sedikit kesalahan dalam jawabanmu. Mari kita lihat langkah-langkahnya bersama. Pertama, kita perlu mendistribusikan -3 ke dalam kurung: $2x - 3(x - 2)$. Ingat bahwa -3 dikalikan dengan $x$ dan juga dengan -2. Coba perhatikan kembali langkah ini, dan lihat apakah kamu bisa menemukan kesalahan kecil yang mungkin terjadi. Kamu pasti bisa!""
}
```","{'Feedback_Type': 'Correct Response + Response Contingent', 'Feedback': 'Hai! Kamu sudah berusaha keras, dan itu bagus sekali. Namun, ada sedikit kesalahan dalam jawabanmu. Mari kita lihat langkah-langkahnya bersama. Pertama, kita perlu mendistribusikan -3 ke dalam kurung: $2x - 3(x - 2)$. Ingat bahwa -3 dikalikan dengan $x$ dan juga dengan -2. Coba perhatikan kembali langkah ini, dan lihat apakah kamu bisa menemukan kesalahan kecil yang mungkin terjadi. Kamu pasti bisa!'}"
7,8,Hasil dari (x + 3)^2 adalah....,x^2 + 6x + 9,"Ah, gampang nih! Pasti jawabannya x^2 + 9 aja, kan?",Low,High,Correct Response + Response Contingent,Hasil dari (x + 3)^2 adalah....,"Ah, gampang nih! Pasti jawabannya x^2 + 9 aja, kan?",Correct Response + Response Contingent,"```json
{
  ""Feedback_Type"": ""Correct Response + Response Contingent"",
  ""Feedback"": ""Hai! Kamu sudah memulai dengan baik, tapi ada sedikit kesalahan kecil. Ketika kita mengkuadratkan $(x + 3)$, kita harus ingat bahwa kita perlu mengalikan seluruh ekspresi dengan dirinya sendiri, yaitu $(x + 3)(x + 3)$. Jadi, kita perlu menghitung $x^2 + 3x + 3x + 9$. Coba perhatikan langkah-langkah ini dan lihat apakah kamu bisa menemukan hasil yang benar. Kamu pasti bisa!""
}
```","{'Feedback_Type': 'Correct Response + Response Contingent', 'Feedback': 'Hai! Kamu sudah memulai dengan baik, tapi ada sedikit kesalahan kecil. Ketika kita mengkuadratkan $(x + 3)$, kita harus ingat bahwa kita perlu mengalikan seluruh ekspresi dengan dirinya sendiri, yaitu $(x + 3)(x + 3)$. Jadi, kita perlu menghitung $x^2 + 3x + 3x + 9$. Coba perhatikan langkah-langkah ini dan lihat apakah kamu bisa menemukan hasil yang benar. Kamu pasti bisa!'}"
8,9,"Nilai dari (2a + b)(a â€“ b) jika a = 1, b = â€“2 adalah....",9,"Hmm, gampang! Jawabannya 12, kan?",Low,Low,Correct Response + Response Contingent,"Nilai dari (2a + b)(a â€“ b) jika a = 1, b = â€“2 adalah....","Hmm, gampang! Jawabannya 12, kan?",Correct Response + Response Contingent,"```json
{
  ""Feedback_Type"": ""Correct Response + Response Contingent"",
  ""Feedback"": ""Hai! Kamu sudah mencoba menyelesaikan soal ini dengan semangat, itu bagus! Namun, mari kita lihat kembali langkah-langkahnya. Soal ini meminta kita menghitung nilai dari $(2a + b)(a - b)$ dengan $a = 1$ dan $b = -2$. Coba kita substitusi nilai $a$ dan $b$ ke dalam ekspresi tersebut. Setelah itu, ingat bahwa kita harus mengalikan dua binomial. Jika kamu merasa bingung, coba lihat kembali bagaimana cara mengalikan dua binomial dengan benar. Kamu pasti bisa! Semangat terus!""
}
```","{'Feedback_Type': 'Correct Response + Response Contingent', 'Feedback': 'Hai! Kamu sudah mencoba menyelesaikan soal ini dengan semangat, itu bagus! Namun, mari kita lihat kembali langkah-langkahnya. Soal ini meminta kita menghitung nilai dari $(2a + b)(a - b)$ dengan $a = 1$ dan $b = -2$. Coba kita substitusi nilai $a$ dan $b$ ke dalam ekspresi tersebut. Setelah itu, ingat bahwa kita harus mengalikan dua binomial. Jika kamu merasa bingung, coba lihat kembali bagaimana cara mengalikan dua binomial dengan benar. Kamu pasti bisa! Semangat terus!'}"
9,10,"Bentuk aljabar dari ""dua kali selisih x dan y"" adalah....",2(x â€“ y),"""Dua kali selisih x dan y"", kan? Berarti 2x - y, kayaknya.",Low,High,Correct Response + Response Contingent,"Bentuk aljabar dari ""dua kali selisih x dan y"" adalah....","""Dua kali selisih x dan y"", kan? Berarti 2x - y, kayaknya.",Correct Response + Response Contingent,"```json
{
  ""Feedback_Type"": ""Correct Response + Response Contingent"",
  ""Feedback"": ""Hai! Jawabanmu sudah hampir benar, tetapi ada sedikit kesalahan kecil. Ketika kita mengatakan 'dua kali selisih x dan y', kita sebenarnya berbicara tentang dua kali dari hasil pengurangan antara $x$ dan $y$. Jadi, bentuk aljabarnya adalah $2(x - y)$. Kamu sudah mengerti konsepnya, hanya perlu memperhatikan urutan operasi matematika. Terus semangat belajar aljabarnya, ya!""
}
```","{'Feedback_Type': 'Correct Response + Response Contingent', 'Feedback': ""Hai! Jawabanmu sudah hampir benar, tetapi ada sedikit kesalahan kecil. Ketika kita mengatakan 'dua kali selisih x dan y', kita sebenarnya berbicara tentang dua kali dari hasil pengurangan antara $x$ dan $y$. Jadi, bentuk aljabarnya adalah $2(x - y)$. Kamu sudah mengerti konsepnya, hanya perlu memperhatikan urutan operasi matematika. Terus semangat belajar aljabarnya, ya!""}"
10,11,Hasil dari (x â€“ 1)(x â€“ 5) adalah....,x^2 â€“ 6x + 5,"Aduh, gampang! x^2 â€“ 5, kan?",High,High,Try again + Delayed Topic Contingent,Hasil dari (x â€“ 1)(x â€“ 5) adalah....,"Aduh, gampang! x^2 â€“ 5, kan?",Try again + Delayed Topic Contingent,"```json
{
  ""Feedback_Type"": ""Try again + Delayed Topic Contingent"",
  ""Feedback"": ""Sepertinya ada sedikit kesalahan dalam jawabanmu. Kamu menulis $x^2 - 5$, padahal kita perlu mengalikan dua binomial $(x - 1)(x - 5)$. Coba ingat kembali cara mengalikan dua binomial: gunakan metode distributif atau FOIL (First, Outer, Inner, Last). Setelah itu, coba hitung kembali dan lihat apakah hasilnya sesuai. Kamu pasti bisa!""
}
```","{'Feedback_Type': 'Try again + Delayed Topic Contingent', 'Feedback': 'Sepertinya ada sedikit kesalahan dalam jawabanmu. Kamu menulis $x^2 - 5$, padahal kita perlu mengalikan dua binomial $(x - 1)(x - 5)$. Coba ingat kembali cara mengalikan dua binomial: gunakan metode distributif atau FOIL (First, Outer, Inner, Last). Setelah itu, coba hitung kembali dan lihat apakah hasilnya sesuai. Kamu pasti bisa!'}"
11,12,Nilai dari 3(x â€“ 2) â€“ 4(x + 1) adalah....,â€“x â€“ 2,"Waduh, ini gampang banget! Jawabannya â€“x + 10, kan?",High,Low,Correct Response + Topic Contingent,Nilai dari 3(x â€“ 2) â€“ 4(x + 1) adalah....,"Waduh, ini gampang banget! Jawabannya â€“x + 10, kan?",Correct Response + Topic Contingent,"```json
{
  ""Feedback_Type"": ""Correct Response + Topic Contingent"",
  ""Feedback"": ""Hai! Sepertinya kamu sudah mencoba menyelesaikan soal ini dengan semangat, dan itu bagus! Namun, ada sedikit kesalahan dalam perhitunganmu. Mari kita lihat bersama. Ketika kamu menghitung $3(x - 2) - 4(x + 1)$, pastikan kamu mendistribusikan setiap koefisien dengan benar ke dalam tanda kurung. Coba periksa kembali langkah-langkah distribusi dan pengurangan yang kamu lakukan. Dengan pemahaman yang kamu miliki, aku yakin kamu bisa menemukan kesalahan kecil ini dan mendapatkan jawaban yang tepat. Semangat!""
}
```","{'Feedback_Type': 'Correct Response + Topic Contingent', 'Feedback': 'Hai! Sepertinya kamu sudah mencoba menyelesaikan soal ini dengan semangat, dan itu bagus! Namun, ada sedikit kesalahan dalam perhitunganmu. Mari kita lihat bersama. Ketika kamu menghitung $3(x - 2) - 4(x + 1)$, pastikan kamu mendistribusikan setiap koefisien dengan benar ke dalam tanda kurung. Coba periksa kembali langkah-langkah distribusi dan pengurangan yang kamu lakukan. Dengan pemahaman yang kamu miliki, aku yakin kamu bisa menemukan kesalahan kecil ini dan mendapatkan jawaban yang tepat. Semangat!'}"
12,13,Faktorisasi dari x^2 + 5x + 6 adalah....,(x + 2)(x + 3),"Kayaknya salah deh, harusnya (x + 6)(x + 1) aja!",High,Low,Correct Response + Topic Contingent,Faktorisasi dari x^2 + 5x + 6 adalah....,"Kayaknya salah deh, harusnya (x + 6)(x + 1) aja!",Correct Response + Topic Contingent,"```json
{
  ""Feedback_Type"": ""Correct Response + Topic Contingent"",
  ""Feedback"": ""Hai! Jawaban kamu hampir benar, tapi ada sedikit kesalahan. Faktorisasi dari $x^2 + 5x + 6$ adalah $(x + 2)(x + 3)$, bukan $(x + 6)(x + 1)$. Coba perhatikan kembali koefisien dan konstanta pada faktorisasi tersebut. Kamu sudah belajar tentang faktorisasi di soal nomor 3, di mana kita memfaktorkan $x^2 - 2x - 8$ menjadi $(x - 4)(x + 2)$. Ingat, kita mencari dua angka yang jika dikalikan hasilnya sama dengan konstanta (dalam hal ini 6) dan jika dijumlahkan hasilnya sama dengan koefisien dari $x$ (dalam hal ini 5). Semangat terus ya!""
}
```","{'Feedback_Type': 'Correct Response + Topic Contingent', 'Feedback': 'Hai! Jawaban kamu hampir benar, tapi ada sedikit kesalahan. Faktorisasi dari $x^2 + 5x + 6$ adalah $(x + 2)(x + 3)$, bukan $(x + 6)(x + 1)$. Coba perhatikan kembali koefisien dan konstanta pada faktorisasi tersebut. Kamu sudah belajar tentang faktorisasi di soal nomor 3, di mana kita memfaktorkan $x^2 - 2x - 8$ menjadi $(x - 4)(x + 2)$. Ingat, kita mencari dua angka yang jika dikalikan hasilnya sama dengan konstanta (dalam hal ini 6) dan jika dijumlahkan hasilnya sama dengan koefisien dari $x$ (dalam hal ini 5). Semangat terus ya!'}"
13,14,"Jika a = 2, maka nilai dari 2a^2 â€“ 5a + 3 adalah....",1,"Gak pake ribet, hasilnya 17 lah!",High,Low,Correct Response + Topic Contingent,"Jika a = 2, maka nilai dari 2a^2 â€“ 5a + 3 adalah....","Gak pake ribet, hasilnya 17 lah!",Correct Response + Topic Contingent,"```json
{
  ""Feedback_Type"": ""Correct Response + Topic Contingent"",
  ""Feedback"": ""Hai! Kamu sudah mencoba menyelesaikan soal ini, dan itu bagus sekali. Namun, mari kita lihat lebih dekat langkah-langkahnya. Kamu mengatakan hasilnya adalah 17, tapi mari kita coba substitusi nilai $a = 2$ ke dalam ekspresi $2a^2 - 5a + 3$. Coba hitung satu per satu: pertama, hitung $2a^2$, lalu $-5a$, dan akhirnya tambahkan 3. Setelah itu, jumlahkan semuanya. Dengan cara ini, kamu bisa memastikan jawabanmu benar. Terus semangat belajar, ya!""
}
```","{'Feedback_Type': 'Correct Response + Topic Contingent', 'Feedback': 'Hai! Kamu sudah mencoba menyelesaikan soal ini, dan itu bagus sekali. Namun, mari kita lihat lebih dekat langkah-langkahnya. Kamu mengatakan hasilnya adalah 17, tapi mari kita coba substitusi nilai $a = 2$ ke dalam ekspresi $2a^2 - 5a + 3$. Coba hitung satu per satu: pertama, hitung $2a^2$, lalu $-5a$, dan akhirnya tambahkan 3. Setelah itu, jumlahkan semuanya. Dengan cara ini, kamu bisa memastikan jawabanmu benar. Terus semangat belajar, ya!'}"
14,15,Bentuk sederhana dari (2x â€“ 5) â€“ (3x â€“ 2) adalah....,â€“x â€“ 3,"Duh, ini sih gampang! Jawabannya 5x â€“ 7!",High,High,Try again + Delayed Topic Content,Bentuk sederhana dari (2x â€“ 5) â€“ (3x â€“ 2) adalah....,"Duh, ini sih gampang! Jawabannya 5x â€“ 7!",Try again + Delayed Topic Content,"```json
{
  ""Feedback_Type"": ""Try again + Delayed Topic Content"",
  ""Feedback"": ""Hai! Sepertinya ada sedikit kesalahan dalam jawabanmu. Kamu menulis $5x - 7$, tetapi mari kita coba periksa kembali langkah-langkahnya. Ingat, ketika kita menyederhanakan ekspresi seperti $(2x - 5) - (3x - 2)$, kita perlu berhati-hati dengan tanda negatif di depan kurung kedua. Coba pikirkan bagaimana tanda negatif ini mempengaruhi setiap suku di dalam kurung tersebut. Setelah itu, coba kurangkan suku-suku yang sejenis. Kamu pasti bisa! Jika masih bingung, kita bisa bahas lebih lanjut tentang cara mengelola tanda negatif dalam operasi aljabar. Semangat!""
}
```","{'Feedback_Type': 'Try again + Delayed Topic Content', 'Feedback': 'Hai! Sepertinya ada sedikit kesalahan dalam jawabanmu. Kamu menulis $5x - 7$, tetapi mari kita coba periksa kembali langkah-langkahnya. Ingat, ketika kita menyederhanakan ekspresi seperti $(2x - 5) - (3x - 2)$, kita perlu berhati-hati dengan tanda negatif di depan kurung kedua. Coba pikirkan bagaimana tanda negatif ini mempengaruhi setiap suku di dalam kurung tersebut. Setelah itu, coba kurangkan suku-suku yang sejenis. Kamu pasti bisa! Jika masih bingung, kita bisa bahas lebih lanjut tentang cara mengelola tanda negatif dalam operasi aljabar. Semangat!'}"
15,16,Hasil dari 2a â€“ (â€“3a + 4) adalah....,5a + 4,"Aduh, ribet amat! Kan jadinya 2a + 3a + 4, jadi 5a + 4? Eh, salah ya? Jadi 5a â€“ 4 aja deh.",Low,Low,Correct Response + Response Contingent,Hasil dari 2a â€“ (â€“3a + 4) adalah....,"Aduh, ribet amat! Kan jadinya 2a + 3a + 4, jadi 5a + 4? Eh, salah ya? Jadi 5a â€“ 4 aja deh.",Correct Response + Response Contingent,"```json
{
  ""Feedback_Type"": ""Correct Response + Response Contingent"",
  ""Feedback"": ""Hai! Kamu sudah memulai dengan baik, tapi ada sedikit kesalahan dalam langkah-langkahnya. Ketika kamu melihat ekspresi $2a - (-3a + 4)$, ingat bahwa tanda minus di depan kurung berarti kamu harus mengubah tanda di dalam kurung. Jadi, $-(-3a + 4)$ menjadi $+3a - 4$. Coba perhatikan lagi langkah ini dan lihat apakah kamu bisa menemukan jawabannya. Kamu pasti bisa!""
}
```","{'Feedback_Type': 'Correct Response + Response Contingent', 'Feedback': 'Hai! Kamu sudah memulai dengan baik, tapi ada sedikit kesalahan dalam langkah-langkahnya. Ketika kamu melihat ekspresi $2a - (-3a + 4)$, ingat bahwa tanda minus di depan kurung berarti kamu harus mengubah tanda di dalam kurung. Jadi, $-(-3a + 4)$ menjadi $+3a - 4$. Coba perhatikan lagi langkah ini dan lihat apakah kamu bisa menemukan jawabannya. Kamu pasti bisa!'}"
16,17,Faktorisasi dari x^2 â€“ 9 adalah....,(x + 3)(x â€“ 3),"Wah, ini mah gampang! Kayaknya (x â€“ 3) doang deh.",High,Low,Correct Response + Topic Contingent,Faktorisasi dari x^2 â€“ 9 adalah....,"Wah, ini mah gampang! Kayaknya (x â€“ 3) doang deh.",Correct Response + Topic Contingent,"```json
{
  ""Feedback_Type"": ""Correct Response + Topic Contingent"",
  ""Feedback"": ""Hai! Kamu sudah memulai dengan baik, tetapi ada sedikit kesalahan dalam faktorisasi. Faktorisasi dari $x^2 - 9$ adalah bentuk dari selisih kuadrat. Coba ingat kembali rumus $(a^2 - b^2) = (a - b)(a + b)$. Dalam hal ini, $a = x$ dan $b = 3$. Jadi, faktorisasi yang benar adalah $(x - 3)(x + 3)$. Kamu sudah hampir benar, terus semangat belajar ya!""
}
```","{'Feedback_Type': 'Correct Response + Topic Contingent', 'Feedback': 'Hai! Kamu sudah memulai dengan baik, tetapi ada sedikit kesalahan dalam faktorisasi. Faktorisasi dari $x^2 - 9$ adalah bentuk dari selisih kuadrat. Coba ingat kembali rumus $(a^2 - b^2) = (a - b)(a + b)$. Dalam hal ini, $a = x$ dan $b = 3$. Jadi, faktorisasi yang benar adalah $(x - 3)(x + 3)$. Kamu sudah hampir benar, terus semangat belajar ya!'}"
17,18,"Jika y = â€“2, maka nilai dari y^3 + 3y^2 + y adalah....",â€“11,"Aduh, susah banget. Jawabannya 6 aja deh!",Low,High,Correct Response + Response Contingent,"Jika y = â€“2, maka nilai dari y^3 + 3y^2 + y adalah....","Aduh, susah banget. Jawabannya 6 aja deh!",Correct Response + Response Contingent,"```json
{
  ""Feedback_Type"": ""Correct Response + Response Contingent"",
  ""Feedback"": ""Hai! Sepertinya kamu merasa kesulitan dengan soal ini, tapi jangan khawatir, kita bisa coba pelan-pelan. Kamu sudah berusaha dengan baik! Mari kita lihat langkah-langkahnya. Kita punya $y = -2$, dan kita perlu menghitung $y^3 + 3y^2 + y$. Coba kita masukkan nilai $y$ ke dalam persamaan satu per satu. Pertama, hitung $y^3$, lalu $3y^2$, dan terakhir $y$. Setelah itu, kita jumlahkan hasilnya. Dengan cara ini, kita bisa mendapatkan jawaban yang tepat. Yuk, coba lagi dan lihat apakah kamu bisa menemukan jawabannya!""
}
```","{'Feedback_Type': 'Correct Response + Response Contingent', 'Feedback': 'Hai! Sepertinya kamu merasa kesulitan dengan soal ini, tapi jangan khawatir, kita bisa coba pelan-pelan. Kamu sudah berusaha dengan baik! Mari kita lihat langkah-langkahnya. Kita punya $y = -2$, dan kita perlu menghitung $y^3 + 3y^2 + y$. Coba kita masukkan nilai $y$ ke dalam persamaan satu per satu. Pertama, hitung $y^3$, lalu $3y^2$, dan terakhir $y$. Setelah itu, kita jumlahkan hasilnya. Dengan cara ini, kita bisa mendapatkan jawaban yang tepat. Yuk, coba lagi dan lihat apakah kamu bisa menemukan jawabannya!'}"
18,19,Sederhanakan: 3x + 2(x â€“ 4),5x â€“ 8,Kayaknya hasilnya 5x - 4 deh.,Low,Low,Correct Response + Response Contingent,Sederhanakan: 3x + 2(x â€“ 4),Kayaknya hasilnya 5x - 4 deh.,Correct Response + Response Contingent,"```json
{
  ""Feedback_Type"": ""Correct Response + Response Contingent"",
  ""Feedback"": ""Hai! Kamu sudah memulai dengan baik, tapi ada sedikit kesalahan dalam menyederhanakan ekspresi tersebut. Mari kita lihat bersama-sama. Kamu menulis $5x - 4$, tetapi mari kita coba periksa langkah-langkahnya. Pertama, kita perlu mendistribusikan $2$ ke dalam kurung $(x - 4)$. Coba pikirkan lagi, berapa hasil dari $2 \times x$ dan $2 \times (-4)$? Setelah itu, kita bisa menjumlahkan hasilnya dengan $3x$. Yuk, coba lagi dan lihat apakah kamu mendapatkan hasil yang berbeda!""
}
```","{'Feedback_Type': 'Correct Response + Response Contingent', 'Feedback': 'Hai! Kamu sudah memulai dengan baik, tapi ada sedikit kesalahan dalam menyederhanakan ekspresi tersebut. Mari kita lihat bersama-sama. Kamu menulis $5x - 4$, tetapi mari kita coba periksa langkah-langkahnya. Pertama, kita perlu mendistribusikan $2$ ke dalam kurung $(x - 4)$. Coba pikirkan lagi, berapa hasil dari $2 \times x$ dan $2 \times (-4)$? Setelah itu, kita bisa menjumlahkan hasilnya dengan $3x$. Yuk, coba lagi dan lihat apakah kamu mendapatkan hasil yang berbeda!'}"
19,20,Hasil dari â€“x^2 + 2x â€“ 1 jika x = â€“2 adalah....,1,"Kayaknya hasilnya -9 deh, salah hitung kali ya?",Low,High,Verification + Delayed Correct Response + Response Contingent,Hasil dari â€“x^2 + 2x â€“ 1 jika x = â€“2 adalah....,"Kayaknya hasilnya -9 deh, salah hitung kali ya?",Verification + Delayed Correct Response + Response Contingent,"```json
{
  ""Feedback_Type"": ""Verification + Delayed Correct Response + Response Contingent"",
  ""Feedback"": ""Hai! Sepertinya kamu sudah berusaha dengan baik. Mari kita cek langkah-langkahnya bersama-sama. Untuk menghitung $-x^2 + 2x - 1$ ketika $x = -2$, kita perlu mengganti $x$ dengan $-2$ dalam persamaan tersebut. Coba kita hitung satu per satu: \n\n1. Hitung $-(-2)^2$. Ingat bahwa $(-2)^2$ adalah $4$, jadi $-4$.\n2. Hitung $2(-2)$. Ini adalah $-4$.\n3. Terakhir, gabungkan semuanya: $-4 + (-4) - 1$.\n\nCoba hitung kembali langkah-langkah ini dan lihat apakah hasilnya berbeda. Kamu pasti bisa! ðŸ˜Š""
}
```","{'Feedback_Type': 'Verification + Delayed Correct Response + Response Contingent', 'Feedback': 'Hai! Sepertinya kamu sudah berusaha dengan baik. Mari kita cek langkah-langkahnya bersama-sama. Untuk menghitung $-x^2 + 2x - 1$ ketika $x = -2$, kita perlu mengganti $x$ dengan $-2$ dalam persamaan tersebut. Coba kita hitung satu per satu: \n\n1. Hitung $-(-2)^2$. Ingat bahwa $(-2)^2$ adalah $4$, jadi $-4$.\n2. Hitung $2(-2)$. Ini adalah $-4$.\n3. Terakhir, gabungkan semuanya: $-4 + (-4) - 1$.\n\nCoba hitung kembali langkah-langkah ini dan lihat apakah hasilnya berbeda. Kamu pasti bisa! ðŸ˜Š'}"
20,21,"Bentuk aljabar dari ""jumlah dari dua kali x dan 7"" adalah....",2x + 7,"Duh, gampang! Pasti 2(x + 7) kan?",Low,Low,Correct Response + Response Contingent,"Bentuk aljabar dari ""jumlah dari dua kali x dan 7"" adalah....","Duh, gampang! Pasti 2(x + 7) kan?",Correct Response + Response Contingent,"```json
{
  ""Feedback_Type"": ""Correct Response + Response Contingent"",
  ""Feedback"": ""Hai! Sepertinya kamu berpikir bahwa 'jumlah dari dua kali x dan 7' adalah $2(x + 7)$. Namun, mari kita lihat lebih dekat. 'Jumlah dari dua kali x dan 7' berarti kita menjumlahkan $2x$ dan 7, bukan mengalikan 2 dengan $(x + 7)$. Jadi, bentuk yang lebih tepat adalah $2x + 7$. Jangan khawatir, ini adalah kesalahan yang umum. Terus semangat belajar ya!""
}
```","{'Feedback_Type': 'Correct Response + Response Contingent', 'Feedback': ""Hai! Sepertinya kamu berpikir bahwa 'jumlah dari dua kali x dan 7' adalah $2(x + 7)$. Namun, mari kita lihat lebih dekat. 'Jumlah dari dua kali x dan 7' berarti kita menjumlahkan $2x$ dan 7, bukan mengalikan 2 dengan $(x + 7)$. Jadi, bentuk yang lebih tepat adalah $2x + 7$. Jangan khawatir, ini adalah kesalahan yang umum. Terus semangat belajar ya!""}"
21,22,Sederhanakan: (x + 4)(x + 1),x^2 + 5x + 4,"Hmm, gampang! Hasilnya x^2 + 4.",High,High,Try again + Delayed Topic Content,Sederhanakan: (x + 4)(x + 1),"Hmm, gampang! Hasilnya x^2 + 4.",Try again + Delayed Topic Content,"```json
{
  ""Feedback_Type"": ""Try again + Delayed Topic Content"",
  ""Feedback"": ""Hai! Sepertinya kamu sudah memulai dengan baik, tetapi ada sedikit kesalahan dalam menjumlahkan koefisien. Ingat, ketika kita mengalikan dua binomial seperti $(x + 4)(x + 1)$, kita perlu menggunakan metode distribusi atau FOIL (First, Outer, Inner, Last). Coba pikirkan kembali bagaimana cara mengalikan setiap suku dalam binomial tersebut. Kamu pasti bisa! Jika kamu merasa bingung, coba ingat kembali bagaimana cara menyederhanakan bentuk aljabar seperti pada contoh pembagian $(4x^2 + 6x) : 2x$. Semangat!""
}
```","{'Feedback_Type': 'Try again + Delayed Topic Content', 'Feedback': 'Hai! Sepertinya kamu sudah memulai dengan baik, tetapi ada sedikit kesalahan dalam menjumlahkan koefisien. Ingat, ketika kita mengalikan dua binomial seperti $(x + 4)(x + 1)$, kita perlu menggunakan metode distribusi atau FOIL (First, Outer, Inner, Last). Coba pikirkan kembali bagaimana cara mengalikan setiap suku dalam binomial tersebut. Kamu pasti bisa! Jika kamu merasa bingung, coba ingat kembali bagaimana cara menyederhanakan bentuk aljabar seperti pada contoh pembagian $(4x^2 + 6x) : 2x$. Semangat!'}"
22,23,Hasil dari 2x^2 + 3x â€“ 5 jika x = â€“1 adalah....,-6,"Hmm, kalau x = -1, berarti 2(-1)^2 + 3(-1) â€“ 5... 2(1) - 3 - 5. Jadi 2 - 8 = -6. Eh, salah deng! Aku dapatnya 0 aja.",High,High,Try again + Delayed Topic Contingent,Hasil dari 2x^2 + 3x â€“ 5 jika x = â€“1 adalah....,"Hmm, kalau x = -1, berarti 2(-1)^2 + 3(-1) â€“ 5... 2(1) - 3 - 5. Jadi 2 - 8 = -6. Eh, salah deng! Aku dapatnya 0 aja.",Try again + Delayed Topic Contingent,"```json
{
  ""Feedback_Type"": ""Try again + Delayed Topic Contingent"",
  ""Feedback"": ""Hai! Sepertinya kamu sudah hampir benar, tapi ada sedikit kesalahan dalam perhitunganmu. Mari kita coba lagi langkah demi langkah. Ketika $x = -1$, kita substitusi ke dalam persamaan $2x^2 + 3x - 5$. Jadi, kita punya $2(-1)^2 + 3(-1) - 5$. Ingat bahwa $(-1)^2$ adalah 1, jadi $2(1) = 2$. Kemudian, $3(-1) = -3$. Coba hitung ulang dari sini dan lihat apakah hasilnya sesuai. Kamu bisa melakukannya! Jika masih bingung, coba lihat soal nomor 4 yang mirip dengan ini untuk referensi.""
}
```","{'Feedback_Type': 'Try again + Delayed Topic Contingent', 'Feedback': 'Hai! Sepertinya kamu sudah hampir benar, tapi ada sedikit kesalahan dalam perhitunganmu. Mari kita coba lagi langkah demi langkah. Ketika $x = -1$, kita substitusi ke dalam persamaan $2x^2 + 3x - 5$. Jadi, kita punya $2(-1)^2 + 3(-1) - 5$. Ingat bahwa $(-1)^2$ adalah 1, jadi $2(1) = 2$. Kemudian, $3(-1) = -3$. Coba hitung ulang dari sini dan lihat apakah hasilnya sesuai. Kamu bisa melakukannya! Jika masih bingung, coba lihat soal nomor 4 yang mirip dengan ini untuk referensi.'}"
23,24,"Nilai dari (x^2 â€“ y^2) saat x = 5, y = 3 adalah....",16,"Kayaknya 4 deh. Soalnya 5 kuadrat kan 25, 3 kuadrat 9. Terus 25 kurang 9, eh, kok beda ya? Ah, 4 aja lah.",High,High,Try again + Delayed Topic Content,"Nilai dari (x^2 â€“ y^2) saat x = 5, y = 3 adalah....","Kayaknya 4 deh. Soalnya 5 kuadrat kan 25, 3 kuadrat 9. Terus 25 kurang 9, eh, kok beda ya? Ah, 4 aja lah.",Try again + Delayed Topic Content,"```json
{
  ""Feedback_Type"": ""Try again + Delayed Topic Content"",
  ""Feedback"": ""Hai! Sepertinya kamu sudah hampir benar dalam menghitung $x^2 - y^2$ saat $x = 5$ dan $y = 3$. Kamu sudah benar bahwa $5^2 = 25$ dan $3^2 = 9$. Namun, saat menghitung $25 - 9$, hasilnya bukan 4. Coba hitung lagi selisihnya dengan hati-hati. Ingat, $x^2 - y^2$ adalah selisih dari kuadrat $x$ dan kuadrat $y$. Kamu pasti bisa! Jika masih bingung, coba lihat kembali soal serupa yang pernah kamu kerjakan sebelumnya, seperti soal nomor 22 dan 24. Semangat!""
}
```","{'Feedback_Type': 'Try again + Delayed Topic Content', 'Feedback': 'Hai! Sepertinya kamu sudah hampir benar dalam menghitung $x^2 - y^2$ saat $x = 5$ dan $y = 3$. Kamu sudah benar bahwa $5^2 = 25$ dan $3^2 = 9$. Namun, saat menghitung $25 - 9$, hasilnya bukan 4. Coba hitung lagi selisihnya dengan hati-hati. Ingat, $x^2 - y^2$ adalah selisih dari kuadrat $x$ dan kuadrat $y$. Kamu pasti bisa! Jika masih bingung, coba lihat kembali soal serupa yang pernah kamu kerjakan sebelumnya, seperti soal nomor 22 dan 24. Semangat!'}"
24,25,Bentuk sederhana dari 4x â€“ [2x â€“ (x â€“ 3)] adalah....,3x + 3,"Gini aja, 4x â€“ 2x â€“ x + 3, jadi 1x + 3. Jawabannya x + 3.",Low,High,Correct Response + Response Contingent,Bentuk sederhana dari 4x â€“ [2x â€“ (x â€“ 3)] adalah....,"Gini aja, 4x â€“ 2x â€“ x + 3, jadi 1x + 3. Jawabannya x + 3.",Correct Response + Response Contingent,"```json
{
  ""Feedback_Type"": ""Correct Response + Response Contingent"",
  ""Feedback"": ""Kamu sudah melakukan langkah-langkah dengan benar! Kamu memulai dengan menulis ulang ekspresi $4x - [2x - (x - 3)]$ menjadi $4x - 2x - x + 3$. Ini adalah langkah yang tepat karena kamu sudah menghilangkan tanda kurung dengan benar. Setelah itu, kamu menyederhanakan menjadi $1x + 3$, yang juga benar. Jawaban akhirnya adalah $x + 3$. Bagus sekali! Pastikan untuk selalu memeriksa kembali setiap langkah agar yakin tidak ada kesalahan kecil yang terlewat. Teruskan kerja bagusmu!""
}
```","{'Feedback_Type': 'Correct Response + Response Contingent', 'Feedback': 'Kamu sudah melakukan langkah-langkah dengan benar! Kamu memulai dengan menulis ulang ekspresi $4x - [2x - (x - 3)]$ menjadi $4x - 2x - x + 3$. Ini adalah langkah yang tepat karena kamu sudah menghilangkan tanda kurung dengan benar. Setelah itu, kamu menyederhanakan menjadi $1x + 3$, yang juga benar. Jawaban akhirnya adalah $x + 3$. Bagus sekali! Pastikan untuk selalu memeriksa kembali setiap langkah agar yakin tidak ada kesalahan kecil yang terlewat. Teruskan kerja bagusmu!'}"
25,26,Hasil dari (a â€“ 2)(a + 2) adalah....,a^2 â€“ 4,"Lupa dikalikan silang, jadi hasilnya (a^2 â€“ 4a + 4).",High,High,Try again + Delayed Topic Contingent,Hasil dari (a â€“ 2)(a + 2) adalah....,"Lupa dikalikan silang, jadi hasilnya (a^2 â€“ 4a + 4).",Try again + Delayed Topic Contingent,"```json
{
  ""Feedback_Type"": ""Try again + Delayed Topic Contingent"",
  ""Feedback"": ""Sepertinya kamu lupa menerapkan sifat distributif dengan benar saat mengalikan dua binomial. Ingat bahwa $(a - 2)(a + 2)$ adalah bentuk dari $(a - b)(a + b)$ yang merupakan perbedaan kuadrat. Coba ingat kembali sifat ini dan terapkan pada soal ini. Kamu pasti bisa! Jika masih bingung, coba lihat kembali contoh 3.11 tentang sifat operasi penjumlahan dan perkalian bentuk aljabar. Semangat!""
}
```","{'Feedback_Type': 'Try again + Delayed Topic Contingent', 'Feedback': 'Sepertinya kamu lupa menerapkan sifat distributif dengan benar saat mengalikan dua binomial. Ingat bahwa $(a - 2)(a + 2)$ adalah bentuk dari $(a - b)(a + b)$ yang merupakan perbedaan kuadrat. Coba ingat kembali sifat ini dan terapkan pada soal ini. Kamu pasti bisa! Jika masih bingung, coba lihat kembali contoh 3.11 tentang sifat operasi penjumlahan dan perkalian bentuk aljabar. Semangat!'}"
26,27,"Jika x = â€“1, maka nilai dari x^3 â€“ 2x^2 + x adalah....",-2,"Eh, gampang! Kan x-nya -1, jadi hasilnya 4 dong.",High,Low,Correct Response + Topic Contingent,"Jika x = â€“1, maka nilai dari x^3 â€“ 2x^2 + x adalah....","Eh, gampang! Kan x-nya -1, jadi hasilnya 4 dong.",Correct Response + Topic Contingent,"```json
{
  ""Feedback_Type"": ""Correct Response + Topic Contingent"",
  ""Feedback"": ""Hai! Kamu sudah benar dalam mengidentifikasi nilai $x = -1$. Namun, sepertinya ada kesalahan dalam perhitungan akhir. Mari kita coba lagi bersama-sama. Ingat, kita perlu menghitung setiap bagian dari ekspresi $x^3 - 2x^2 + x$ dengan $x = -1$. Coba hitung ulang setiap suku satu per satu, dan pastikan tanda negatifnya diperhatikan dengan baik. Kamu pasti bisa!""
}
```","{'Feedback_Type': 'Correct Response + Topic Contingent', 'Feedback': 'Hai! Kamu sudah benar dalam mengidentifikasi nilai $x = -1$. Namun, sepertinya ada kesalahan dalam perhitungan akhir. Mari kita coba lagi bersama-sama. Ingat, kita perlu menghitung setiap bagian dari ekspresi $x^3 - 2x^2 + x$ dengan $x = -1$. Coba hitung ulang setiap suku satu per satu, dan pastikan tanda negatifnya diperhatikan dengan baik. Kamu pasti bisa!'}"
27,28,Sederhanakan: â€“3(x â€“ 2) + 2(x + 1),â€“x + 4,"Aduh, ribet amat. Jawabannya 5x â€“ 4 aja deh.",Low,Low,Correct Response + Response Contingent,Sederhanakan: â€“3(x â€“ 2) + 2(x + 1),"Aduh, ribet amat. Jawabannya 5x â€“ 4 aja deh.",Correct Response + Response Contingent,"```json
{
  ""Feedback_Type"": ""Correct Response + Response Contingent"",
  ""Feedback"": ""Hai! Aku lihat kamu merasa soal ini ribet, tapi jangan khawatir, kita bisa selesaikan bersama. Kamu menulis jawabannya $5x - 4$, mari kita cek langkah-langkahnya. Pertama, kita perlu mendistribusikan angka di depan kurung. Untuk $-3(x - 2)$, kita kalikan $-3$ dengan $x$ dan $-2$. Hasilnya adalah $-3x + 6$. Kemudian, untuk $2(x + 1)$, kita kalikan $2$ dengan $x$ dan $1$. Hasilnya adalah $2x + 2$. Setelah itu, kita gabungkan kedua hasil tersebut. Coba kamu hitung ulang dan lihat apakah ada yang bisa disederhanakan lagi. Semangat, kamu pasti bisa!""
}
```","{'Feedback_Type': 'Correct Response + Response Contingent', 'Feedback': 'Hai! Aku lihat kamu merasa soal ini ribet, tapi jangan khawatir, kita bisa selesaikan bersama. Kamu menulis jawabannya $5x - 4$, mari kita cek langkah-langkahnya. Pertama, kita perlu mendistribusikan angka di depan kurung. Untuk $-3(x - 2)$, kita kalikan $-3$ dengan $x$ dan $-2$. Hasilnya adalah $-3x + 6$. Kemudian, untuk $2(x + 1)$, kita kalikan $2$ dengan $x$ dan $1$. Hasilnya adalah $2x + 2$. Setelah itu, kita gabungkan kedua hasil tersebut. Coba kamu hitung ulang dan lihat apakah ada yang bisa disederhanakan lagi. Semangat, kamu pasti bisa!'}"
28,29,"Jika a = 2, b = â€“1, maka nilai dari a^2 + ab â€“ b^2 adalah....",1,"Hmm, kalau gak salah, jawabannya 3 deh.",Low,High,Correct Response + Response Contingent,"Jika a = 2, b = â€“1, maka nilai dari a^2 + ab â€“ b^2 adalah....","Hmm, kalau gak salah, jawabannya 3 deh.",Correct Response + Response Contingent,"```json
{
  ""Feedback_Type"": ""Correct Response + Response Contingent"",
  ""Feedback"": ""Hai! Kamu sudah hampir benar, tetapi ada sedikit kesalahan dalam perhitungan akhir. Kamu sudah benar bahwa $a = 2$ dan $b = -1$. Mari kita cek langkah-langkahnya bersama-sama: \n\n1. Hitung $a^2$: $2^2 = 4$.\n2. Hitung $ab$: $2 \times (-1) = -2$.\n3. Hitung $-b^2$: $-(-1)^2 = -1$.\n\nSekarang, gabungkan semuanya: $4 + (-2) - 1$. Coba hitung lagi hasil akhirnya. Kamu pasti bisa! ðŸ˜Š""
}
```","{'Feedback_Type': 'Correct Response + Response Contingent', 'Feedback': 'Hai! Kamu sudah hampir benar, tetapi ada sedikit kesalahan dalam perhitungan akhir. Kamu sudah benar bahwa $a = 2$ dan $b = -1$. Mari kita cek langkah-langkahnya bersama-sama: \n\n1. Hitung $a^2$: $2^2 = 4$.\n2. Hitung $ab$: $2 \times (-1) = -2$.\n3. Hitung $-b^2$: $-(-1)^2 = -1$.\n\nSekarang, gabungkan semuanya: $4 + (-2) - 1$. Coba hitung lagi hasil akhirnya. Kamu pasti bisa! ðŸ˜Š'}"
29,30,Nilai dari (2x + 1)(x â€“ 4) jika x = 3 adalah....,-5,"Aduh, ribet amat! Kan (2(3) + 1)(3 â€“ 4) = (7)(-1). Jadi, hasilnya 7.",High,Low,Correct Response + Topic Contingent,Nilai dari (2x + 1)(x â€“ 4) jika x = 3 adalah....,"Aduh, ribet amat! Kan (2(3) + 1)(3 â€“ 4) = (7)(-1). Jadi, hasilnya 7.",Correct Response + Topic Contingent,"```json
{
  ""Feedback_Type"": ""Correct Response + Topic Contingent"",
  ""Feedback"": ""Hai! Kamu sudah hampir benar dalam menyelesaikan soal ini. Kamu sudah benar dalam menghitung bagian pertama, yaitu $(2(3) + 1) = 7$. Namun, sepertinya ada kesalahan kecil saat menghitung bagian kedua. Ingat, $(3 - 4) = -1$, jadi ketika kamu mengalikan $7$ dengan $-1$, hasilnya seharusnya adalah $-7$, bukan $7$. Coba periksa kembali langkah-langkahmu, dan kamu pasti bisa menemukan jawabannya! Semangat!""
}
```","{'Feedback_Type': 'Correct Response + Topic Contingent', 'Feedback': 'Hai! Kamu sudah hampir benar dalam menyelesaikan soal ini. Kamu sudah benar dalam menghitung bagian pertama, yaitu $(2(3) + 1) = 7$. Namun, sepertinya ada kesalahan kecil saat menghitung bagian kedua. Ingat, $(3 - 4) = -1$, jadi ketika kamu mengalikan $7$ dengan $-1$, hasilnya seharusnya adalah $-7$, bukan $7$. Coba periksa kembali langkah-langkahmu, dan kamu pasti bisa menemukan jawabannya! Semangat!'}"
30,31,Sederhanakan: (5x + 2) â€“ (2x â€“ 3),3x + 5,"Aduh, susah. Jadi 3x - 1, ya kan?",Low,Low,Correct Response + Response Contingent,Sederhanakan: (5x + 2) â€“ (2x â€“ 3),"Aduh, susah. Jadi 3x - 1, ya kan?",Correct Response + Response Contingent,"```json
{
  ""Feedback_Type"": ""Correct Response + Response Contingent"",
  ""Feedback"": ""Hai! Kamu sudah memulai dengan baik. Mari kita coba lihat langkah-langkahnya bersama. Ketika kita punya ekspresi $(5x + 2) - (2x - 3)$, kita perlu mengingat untuk mendistribusikan tanda negatif ke dalam kurung kedua. Jadi, kita ubah menjadi $5x + 2 - 2x + 3$. Sekarang, coba kelompokkan suku-suku sejenisnya: $5x - 2x$ dan $2 + 3$. Coba hitung lagi, dan lihat apakah hasilnya sama dengan yang kamu dapatkan. Kamu pasti bisa!""
}
```","{'Feedback_Type': 'Correct Response + Response Contingent', 'Feedback': 'Hai! Kamu sudah memulai dengan baik. Mari kita coba lihat langkah-langkahnya bersama. Ketika kita punya ekspresi $(5x + 2) - (2x - 3)$, kita perlu mengingat untuk mendistribusikan tanda negatif ke dalam kurung kedua. Jadi, kita ubah menjadi $5x + 2 - 2x + 3$. Sekarang, coba kelompokkan suku-suku sejenisnya: $5x - 2x$ dan $2 + 3$. Coba hitung lagi, dan lihat apakah hasilnya sama dengan yang kamu dapatkan. Kamu pasti bisa!'}"
31,32,"Jika x = 3 dan y = 2, maka nilai dari x^2 â€“ y^2 adalah...",5,"Gini nih, harusnya 9 + 4, jadi 13, dong. Kan kuadrat semua.",Low,Low,Correct Response + Response Contingent,"Jika x = 3 dan y = 2, maka nilai dari x^2 â€“ y^2 adalah...","Gini nih, harusnya 9 + 4, jadi 13, dong. Kan kuadrat semua.",Correct Response + Response Contingent,"```json
{
  ""Feedback_Type"": ""Correct Response + Response Contingent"",
  ""Feedback"": ""Hai! Sepertinya ada sedikit kesalahan dalam perhitunganmu. Kamu sudah benar bahwa kita harus mengkuadratkan $x$ dan $y$, tetapi ingat bahwa $x^2 - y^2$ berarti kita mengurangi hasil kuadrat $y$ dari hasil kuadrat $x$. Jadi, coba hitung lagi dengan cara ini: $x^2 = 3^2$ dan $y^2 = 2^2$, kemudian kurangkan hasilnya. Kamu pasti bisa! ðŸ˜Š""
}
```","{'Feedback_Type': 'Correct Response + Response Contingent', 'Feedback': 'Hai! Sepertinya ada sedikit kesalahan dalam perhitunganmu. Kamu sudah benar bahwa kita harus mengkuadratkan $x$ dan $y$, tetapi ingat bahwa $x^2 - y^2$ berarti kita mengurangi hasil kuadrat $y$ dari hasil kuadrat $x$. Jadi, coba hitung lagi dengan cara ini: $x^2 = 3^2$ dan $y^2 = 2^2$, kemudian kurangkan hasilnya. Kamu pasti bisa! ðŸ˜Š'}"
32,33,Bentuk sederhana dari 2(x + y) â€“ 3(x â€“ y) adalah....,â€“x + 5y,Bukannya jadi 5x â€“ y ya? Itu kan cuma dikurang-kurang biasa aja.,Low,High,Verification + Delayed Correct Response + Response Contingent,Bentuk sederhana dari 2(x + y) â€“ 3(x â€“ y) adalah....,Bukannya jadi 5x â€“ y ya? Itu kan cuma dikurang-kurang biasa aja.,Verification + Delayed Correct Response + Response Contingent,"{
  ""Feedback_Type"": ""Verification + Delayed Correct Response + Response Contingent"",
  ""Feedback"": ""Hai! Sepertinya ada sedikit kesalahan dalam penyederhanaan yang kamu lakukan. Kamu menyebutkan bahwa hasilnya adalah $5x - y$, tetapi mari kita cek lagi langkah-langkahnya. Ketika kita menyederhanakan $2(x + y) - 3(x - y)$, kita perlu memperhatikan tanda negatif dan mendistribusikan setiap koefisien dengan benar. Coba periksa kembali bagaimana kamu mendistribusikan $-3$ ke dalam $(x - y)$. Setelah itu, coba gabungkan suku-suku yang sejenis. Jika kamu masih bingung, yuk kita diskusikan lebih lanjut langkah-langkahnya!""
}","{'Feedback_Type': 'Verification + Delayed Correct Response + Response Contingent', 'Feedback': 'Hai! Sepertinya ada sedikit kesalahan dalam penyederhanaan yang kamu lakukan. Kamu menyebutkan bahwa hasilnya adalah $5x - y$, tetapi mari kita cek lagi langkah-langkahnya. Ketika kita menyederhanakan $2(x + y) - 3(x - y)$, kita perlu memperhatikan tanda negatif dan mendistribusikan setiap koefisien dengan benar. Coba periksa kembali bagaimana kamu mendistribusikan $-3$ ke dalam $(x - y)$. Setelah itu, coba gabungkan suku-suku yang sejenis. Jika kamu masih bingung, yuk kita diskusikan lebih lanjut langkah-langkahnya!'}"
33,34,Hasil dari 3a(2a â€“ 1) adalah....,6a^2 â€“ 3a,"Gini nih, harusnya 6a - 3 aja, kan?",High,High,Try again + Delayed Topic Contingent,Hasil dari 3a(2a â€“ 1) adalah....,"Gini nih, harusnya 6a - 3 aja, kan?",Try again + Delayed Topic Contingent,"```json
{
  ""Feedback_Type"": ""Try again + Delayed Topic Contingent"",
  ""Feedback"": ""Hai! Sepertinya ada sedikit kesalahan dalam jawabanmu. Kamu menulis $6a - 3$, tapi coba perhatikan lagi langkah-langkahnya. Ingat, ketika kita mengalikan $3a$ dengan $(2a - 1)$, kita harus mengalikan setiap bagian dalam kurung dengan $3a$. Coba pikirkan kembali bagaimana cara mendistribusikan $3a$ ke dalam kurung tersebut. Setelah itu, jika kamu masih bingung, kita bisa diskusi lebih lanjut tentang bagaimana cara membagi bentuk aljabar dengan faktor-faktor tertentu. Semangat!""
}
```","{'Feedback_Type': 'Try again + Delayed Topic Contingent', 'Feedback': 'Hai! Sepertinya ada sedikit kesalahan dalam jawabanmu. Kamu menulis $6a - 3$, tapi coba perhatikan lagi langkah-langkahnya. Ingat, ketika kita mengalikan $3a$ dengan $(2a - 1)$, kita harus mengalikan setiap bagian dalam kurung dengan $3a$. Coba pikirkan kembali bagaimana cara mendistribusikan $3a$ ke dalam kurung tersebut. Setelah itu, jika kamu masih bingung, kita bisa diskusi lebih lanjut tentang bagaimana cara membagi bentuk aljabar dengan faktor-faktor tertentu. Semangat!'}"
34,35,"Jika x = 0, y = 3, maka nilai dari 4x â€“ y^2 adalah....",-9,"Kayaknya hasilnya 9 deh, soalnya 4 kali 0 kan 0, terus 3 kuadrat 9.",Low,Low,Correct Response + Response Contingent,"Jika x = 0, y = 3, maka nilai dari 4x â€“ y^2 adalah....","Kayaknya hasilnya 9 deh, soalnya 4 kali 0 kan 0, terus 3 kuadrat 9.",Correct Response + Response Contingent,"```json
{
  ""Feedback_Type"": ""Correct Response + Response Contingent"",
  ""Feedback"": ""Hai! Kamu sudah benar bahwa $4 \\times 0 = 0$, tetapi ada sedikit kesalahan saat menghitung $y^2$. Kamu sudah benar bahwa $3^2 = 9$, tetapi ingat bahwa kita harus mengurangkan $y^2$ dari $4x$. Jadi, coba pikirkan kembali operasi $4x - y^2$ dengan nilai yang sudah kamu hitung. Kamu sudah hampir sampai, tetap semangat!""
}
```","{'Feedback_Type': 'Correct Response + Response Contingent', 'Feedback': 'Hai! Kamu sudah benar bahwa $4 \\times 0 = 0$, tetapi ada sedikit kesalahan saat menghitung $y^2$. Kamu sudah benar bahwa $3^2 = 9$, tetapi ingat bahwa kita harus mengurangkan $y^2$ dari $4x$. Jadi, coba pikirkan kembali operasi $4x - y^2$ dengan nilai yang sudah kamu hitung. Kamu sudah hampir sampai, tetap semangat!'}"
35,36,Hasil dari â€“(3x â€“ 2) + (x + 5) adalah....,â€“2x + 7,"Waduh, ini kan cuma ditambahin aja, jadi -3x + x = -2x. Terus 2 + 5 = 7. Jadi -2x + 7. Eh, salah ya? Jadi -4x + 3 deh!",Low,Low,Correct Response + Response Contingent,Hasil dari â€“(3x â€“ 2) + (x + 5) adalah....,"Waduh, ini kan cuma ditambahin aja, jadi -3x + x = -2x. Terus 2 + 5 = 7. Jadi -2x + 7. Eh, salah ya? Jadi -4x + 3 deh!",Correct Response + Response Contingent,"```json
{
  ""Feedback_Type"": ""Correct Response + Response Contingent"",
  ""Feedback"": ""Hai! Sepertinya ada sedikit kesalahan dalam langkah-langkahmu. Mari kita lihat bersama-sama. Ketika kamu punya ekspresi $-(3x - 2) + (x + 5)$, pertama-tama kita harus mendistribusikan tanda negatif ke dalam kurung pertama. Jadi, $-(3x - 2)$ menjadi $-3x + 2$. Kemudian, kita tambahkan dengan $(x + 5)$. Sekarang, mari kita gabungkan suku-suku sejenis: $-3x + x$ dan $2 + 5$. Coba perhatikan lagi langkah ini, dan lihat apakah kamu bisa menemukan jawabannya. Kamu pasti bisa!""
}
```","{'Feedback_Type': 'Correct Response + Response Contingent', 'Feedback': 'Hai! Sepertinya ada sedikit kesalahan dalam langkah-langkahmu. Mari kita lihat bersama-sama. Ketika kamu punya ekspresi $-(3x - 2) + (x + 5)$, pertama-tama kita harus mendistribusikan tanda negatif ke dalam kurung pertama. Jadi, $-(3x - 2)$ menjadi $-3x + 2$. Kemudian, kita tambahkan dengan $(x + 5)$. Sekarang, mari kita gabungkan suku-suku sejenis: $-3x + x$ dan $2 + 5$. Coba perhatikan lagi langkah ini, dan lihat apakah kamu bisa menemukan jawabannya. Kamu pasti bisa!'}"
36,37,"Jika a = 1 dan b = â€“3, maka nilai dari ab â€“ 2a + b adalah....",-4,Kayanya 2 deh.,High,High,Try again + Delayed Topic Content,"Jika a = 1 dan b = â€“3, maka nilai dari ab â€“ 2a + b adalah....",Kayanya 2 deh.,Try again + Delayed Topic Content,"```json
{
  ""Feedback_Type"": ""Try again + Delayed Topic Content"",
  ""Feedback"": ""Sepertinya ada sedikit kesalahan dalam perhitunganmu. Coba kita cek lagi langkah-langkahnya. Kamu sudah tahu bahwa $a = 1$ dan $b = -3$. Sekarang, coba substitusi nilai-nilai tersebut ke dalam ekspresi $ab - 2a + b$. Ingat, urutan operasi matematika penting di sini. Setelah itu, coba bandingkan dengan soal serupa yang pernah kamu kerjakan, seperti soal nomor 29. Kamu pasti bisa menemukan jawabannya dengan benar!""
}
```","{'Feedback_Type': 'Try again + Delayed Topic Content', 'Feedback': 'Sepertinya ada sedikit kesalahan dalam perhitunganmu. Coba kita cek lagi langkah-langkahnya. Kamu sudah tahu bahwa $a = 1$ dan $b = -3$. Sekarang, coba substitusi nilai-nilai tersebut ke dalam ekspresi $ab - 2a + b$. Ingat, urutan operasi matematika penting di sini. Setelah itu, coba bandingkan dengan soal serupa yang pernah kamu kerjakan, seperti soal nomor 29. Kamu pasti bisa menemukan jawabannya dengan benar!'}"
37,38,Hasil dari (2x + 3)(x â€“ 1) adalah....,2x^2 + x â€“ 3,"Ah, gampang nih, hasilnya 2x^2 â€“ 3.",High,High,Try again + Delayed Topic Content,Hasil dari (2x + 3)(x â€“ 1) adalah....,"Ah, gampang nih, hasilnya 2x^2 â€“ 3.",Try again + Delayed Topic Content,"```json
{
  ""Feedback_Type"": ""Try again + Delayed Topic Content"",
  ""Feedback"": ""Sepertinya ada sedikit kesalahan dalam jawabanmu. Kamu sudah benar memulai dengan mengalikan dua suku pertama, tetapi ada langkah yang terlewat. Coba ingat kembali cara mengalikan dua bentuk aljabar: $(a + b)(c + d) = ac + ad + bc + bd$. Terapkan konsep ini pada $(2x + 3)(x - 1)$. Jangan lupa untuk mengalikan setiap suku dengan benar. Kamu pasti bisa! Jika masih bingung, coba lihat kembali contoh-contoh soal serupa yang pernah kita bahas sebelumnya.""
}
```","{'Feedback_Type': 'Try again + Delayed Topic Content', 'Feedback': 'Sepertinya ada sedikit kesalahan dalam jawabanmu. Kamu sudah benar memulai dengan mengalikan dua suku pertama, tetapi ada langkah yang terlewat. Coba ingat kembali cara mengalikan dua bentuk aljabar: $(a + b)(c + d) = ac + ad + bc + bd$. Terapkan konsep ini pada $(2x + 3)(x - 1)$. Jangan lupa untuk mengalikan setiap suku dengan benar. Kamu pasti bisa! Jika masih bingung, coba lihat kembali contoh-contoh soal serupa yang pernah kita bahas sebelumnya.'}"
38,39,Nilai dari 2(x â€“ 1) + 3(x + 4) adalah....,5x + 8,"Yah, jawabannya 5x + 10, kan? *pikirku*",High,High,Try again + Delayed Topic Contingent,Nilai dari 2(x â€“ 1) + 3(x + 4) adalah....,"Yah, jawabannya 5x + 10, kan? *pikirku*",Try again + Delayed Topic Contingent,"```json
{
  ""Feedback_Type"": ""Try again + Delayed Topic Contingent"",
  ""Feedback"": ""Hai! Sepertinya kamu sudah hampir benar, tetapi ada sedikit kesalahan dalam perhitunganmu. Coba perhatikan kembali langkah-langkah distribusi pada ekspresi $2(x - 1) + 3(x + 4)$. Ingat, kita harus mengalikan setiap bagian dalam tanda kurung dengan angka di depannya. Setelah itu, gabungkan suku-suku yang sejenis. Kamu pasti bisa! Setelah mencoba lagi, kamu bisa melihat soal nomor 2 untuk latihan lebih lanjut tentang distribusi dan penggabungan suku-suku sejenis. Semangat!""
}
```","{'Feedback_Type': 'Try again + Delayed Topic Contingent', 'Feedback': 'Hai! Sepertinya kamu sudah hampir benar, tetapi ada sedikit kesalahan dalam perhitunganmu. Coba perhatikan kembali langkah-langkah distribusi pada ekspresi $2(x - 1) + 3(x + 4)$. Ingat, kita harus mengalikan setiap bagian dalam tanda kurung dengan angka di depannya. Setelah itu, gabungkan suku-suku yang sejenis. Kamu pasti bisa! Setelah mencoba lagi, kamu bisa melihat soal nomor 2 untuk latihan lebih lanjut tentang distribusi dan penggabungan suku-suku sejenis. Semangat!'}"
39,40,Sederhanakan: 5m â€“ (2m â€“ 4),3m + 4,"Duh, ini mah gampang. Jawabannya 3m - 4 kan?",High,Low,Correct Response + Topic Contingent,Sederhanakan: 5m â€“ (2m â€“ 4),"Duh, ini mah gampang. Jawabannya 3m - 4 kan?",Correct Response + Topic Contingent,"```json
{
  ""Feedback_Type"": ""Correct Response + Topic Contingent"",
  ""Feedback"": ""Jawaban kamu sudah benar, yaitu $3m - 4$. Kamu sudah memahami cara menyederhanakan ekspresi aljabar dengan baik. Ingat, saat menyederhanakan, kita harus memperhatikan tanda di depan kurung. Dalam soal ini, tanda negatif di depan kurung berarti kita harus mengubah tanda di dalam kurung saat membukanya. Terus berlatih agar semakin mahir, ya!""
}
```","{'Feedback_Type': 'Correct Response + Topic Contingent', 'Feedback': 'Jawaban kamu sudah benar, yaitu $3m - 4$. Kamu sudah memahami cara menyederhanakan ekspresi aljabar dengan baik. Ingat, saat menyederhanakan, kita harus memperhatikan tanda di depan kurung. Dalam soal ini, tanda negatif di depan kurung berarti kita harus mengubah tanda di dalam kurung saat membukanya. Terus berlatih agar semakin mahir, ya!'}"
40,41,"Bentuk aljabar dari ""tiga kali jumlah p dan q"" adalah....",3(p + q),"Ah, gampang! 3p + q, kan?",High,High,Try again + Delayed Topic Contingent,"Bentuk aljabar dari ""tiga kali jumlah p dan q"" adalah....","Ah, gampang! 3p + q, kan?",Try again + Delayed Topic Contingent,"```json
{
  ""Feedback_Type"": ""Try again + Delayed Topic Contingent"",
  ""Feedback"": ""Sepertinya ada sedikit kesalahan dalam memahami soal. Kamu menulis $3p + q$, padahal yang diminta adalah 'tiga kali jumlah p dan q'. Coba pikirkan kembali bagaimana cara menuliskan 'jumlah p dan q' terlebih dahulu, lalu kalikan hasilnya dengan tiga. Ingat, urutan operasi sangat penting di sini! Kamu pasti bisa, coba lagi ya!""
}
```","{'Feedback_Type': 'Try again + Delayed Topic Contingent', 'Feedback': ""Sepertinya ada sedikit kesalahan dalam memahami soal. Kamu menulis $3p + q$, padahal yang diminta adalah 'tiga kali jumlah p dan q'. Coba pikirkan kembali bagaimana cara menuliskan 'jumlah p dan q' terlebih dahulu, lalu kalikan hasilnya dengan tiga. Ingat, urutan operasi sangat penting di sini! Kamu pasti bisa, coba lagi ya!""}"
41,42,Nilai dari (2x^2 â€“ 3x + 1) saat x = 1 adalah....,2,"Gini nih, gampang! Jawabannya 4, kan?",Low,Low,Correct Response + Response Contingent,Nilai dari (2x^2 â€“ 3x + 1) saat x = 1 adalah....,"Gini nih, gampang! Jawabannya 4, kan?",Correct Response + Response Contingent,"```json
{
  ""Feedback_Type"": ""Correct Response + Response Contingent"",
  ""Feedback"": ""Wah, kamu sudah berusaha dengan baik! Namun, sepertinya ada sedikit kesalahan dalam perhitunganmu. Mari kita coba cek lagi langkah-langkahnya. Untuk mencari nilai dari $2x^2 - 3x + 1$ saat $x = 1$, kita perlu mengganti $x$ dengan $1$ di dalam persamaan tersebut. Coba hitung ulang dengan hati-hati, dan lihat apakah hasilnya sama dengan yang kamu dapatkan sebelumnya. Jika ada yang bingung, jangan ragu untuk bertanya, ya!""
}
```","{'Feedback_Type': 'Correct Response + Response Contingent', 'Feedback': 'Wah, kamu sudah berusaha dengan baik! Namun, sepertinya ada sedikit kesalahan dalam perhitunganmu. Mari kita coba cek lagi langkah-langkahnya. Untuk mencari nilai dari $2x^2 - 3x + 1$ saat $x = 1$, kita perlu mengganti $x$ dengan $1$ di dalam persamaan tersebut. Coba hitung ulang dengan hati-hati, dan lihat apakah hasilnya sama dengan yang kamu dapatkan sebelumnya. Jika ada yang bingung, jangan ragu untuk bertanya, ya!'}"
42,43,"Jika a = â€“3, maka nilai dari a^2 â€“ 4a adalah....",21,"Kayaknya hasilnya 9, deh. Aku kaliin aja 3 sama 3, terus kurangin 4 kali 3, jadi 9 dikurang 12.",High,High,Try again + Delayed Topic Content,"Jika a = â€“3, maka nilai dari a^2 â€“ 4a adalah....","Kayaknya hasilnya 9, deh. Aku kaliin aja 3 sama 3, terus kurangin 4 kali 3, jadi 9 dikurang 12.",Try again + Delayed Topic Content,"```json
{
  ""Feedback_Type"": ""Try again + Delayed Topic Content"",
  ""Feedback"": ""Hai! Sepertinya ada sedikit kesalahan dalam perhitunganmu. Kamu sudah benar dalam menghitung $a^2$ menjadi $9$ karena $(-3)^2 = 9$. Namun, untuk bagian $-4a$, kamu perlu memperhatikan tanda negatif di depan angka 3. Coba hitung ulang bagian ini dengan hati-hati. Ingat, jika $a = -3$, maka $-4a$ akan menjadi $-4 \times (-3)$. Yuk, coba lagi dan lihat apakah hasilnya berbeda! Semangat!""
}
```","{'Feedback_Type': 'Try again + Delayed Topic Content', 'Feedback': 'Hai! Sepertinya ada sedikit kesalahan dalam perhitunganmu. Kamu sudah benar dalam menghitung $a^2$ menjadi $9$ karena $(-3)^2 = 9$. Namun, untuk bagian $-4a$, kamu perlu memperhatikan tanda negatif di depan angka 3. Coba hitung ulang bagian ini dengan hati-hati. Ingat, jika $a = -3$, maka $-4a$ akan menjadi $-4 \times (-3)$. Yuk, coba lagi dan lihat apakah hasilnya berbeda! Semangat!'}"
43,44,"Jika x = 2, y = â€“1, maka nilai dari 3x â€“ 4y adalah....",10,"Duh, 3(2) kan 6, terus 4(-1) jadi -4, jadi 6-4=2! Harusnya 2, kan?",Low,Low,Correct Response + Response Contingent,"Jika x = 2, y = â€“1, maka nilai dari 3x â€“ 4y adalah....","Duh, 3(2) kan 6, terus 4(-1) jadi -4, jadi 6-4=2! Harusnya 2, kan?",Correct Response + Response Contingent,"```json
{
  ""Feedback_Type"": ""Correct Response + Response Contingent"",
  ""Feedback"": ""Hai! Kamu sudah memulai dengan langkah yang benar dengan menghitung $3(2)$ menjadi $6$ dan $4(-1)$ menjadi $-4$. Namun, saat menghitung $6 - (-4)$, ingat bahwa mengurangi bilangan negatif sama dengan menambah bilangan positif. Jadi, $6 - (-4)$ sebenarnya adalah $6 + 4$. Coba pikirkan lagi, dan lihat apakah kamu bisa menemukan jawabannya!""
}
```","{'Feedback_Type': 'Correct Response + Response Contingent', 'Feedback': 'Hai! Kamu sudah memulai dengan langkah yang benar dengan menghitung $3(2)$ menjadi $6$ dan $4(-1)$ menjadi $-4$. Namun, saat menghitung $6 - (-4)$, ingat bahwa mengurangi bilangan negatif sama dengan menambah bilangan positif. Jadi, $6 - (-4)$ sebenarnya adalah $6 + 4$. Coba pikirkan lagi, dan lihat apakah kamu bisa menemukan jawabannya!'}"
44,45,Hasil dari (x â€“ 3)(x + 3) adalah....,x^2 - 9,Kayaknya hasilnya x^2 + 9 deh.,High,Low,Correct Response + Topic Contingent,Hasil dari (x â€“ 3)(x + 3) adalah....,Kayaknya hasilnya x^2 + 9 deh.,Correct Response + Topic Contingent,"```json
{
  ""Feedback_Type"": ""Correct Response + Topic Contingent"",
  ""Feedback"": ""Hai! Sepertinya kamu sudah mencoba menyelesaikan soal ini, bagus sekali! Namun, ada sedikit kesalahan dalam jawabanmu. Ketika kita mengalikan $(x - 3)(x + 3)$, kita menggunakan konsep 'difference of squares' atau selisih kuadrat. Rumusnya adalah $(a - b)(a + b) = a^2 - b^2$. Dalam kasus ini, $a = x$ dan $b = 3$. Coba pikirkan kembali bagaimana rumus ini bekerja dan terapkan pada soal ini. Kamu pasti bisa!""
}
```","{'Feedback_Type': 'Correct Response + Topic Contingent', 'Feedback': ""Hai! Sepertinya kamu sudah mencoba menyelesaikan soal ini, bagus sekali! Namun, ada sedikit kesalahan dalam jawabanmu. Ketika kita mengalikan $(x - 3)(x + 3)$, kita menggunakan konsep 'difference of squares' atau selisih kuadrat. Rumusnya adalah $(a - b)(a + b) = a^2 - b^2$. Dalam kasus ini, $a = x$ dan $b = 3$. Coba pikirkan kembali bagaimana rumus ini bekerja dan terapkan pada soal ini. Kamu pasti bisa!""}"
45,46,Sederhanakan: 4p + 3q â€“ 2p â€“ q,2p + 2q,"Ah, gampang nih! Jawabannya 6p + 4q kan?",High,High,Try again + Delayed Topic Contingent,Sederhanakan: 4p + 3q â€“ 2p â€“ q,"Ah, gampang nih! Jawabannya 6p + 4q kan?",Try again + Delayed Topic Contingent,"```json
{
  ""Feedback_Type"": ""Try again + Delayed Topic Contingent"",
  ""Feedback"": ""Hai! Sepertinya ada sedikit kesalahan dalam pengurangan koefisien pada jawabanmu. Kamu sudah tahu bahwa kita perlu menggabungkan suku-suku yang sejenis. Coba perhatikan lagi suku-suku dengan variabel yang sama: $4p$ dan $-2p$, serta $3q$ dan $-q$. Ingat, kita harus mengurangi koefisiennya dengan benar. Coba hitung ulang dan lihat apakah kamu mendapatkan hasil yang berbeda. Kamu pasti bisa!""
}
```","{'Feedback_Type': 'Try again + Delayed Topic Contingent', 'Feedback': 'Hai! Sepertinya ada sedikit kesalahan dalam pengurangan koefisien pada jawabanmu. Kamu sudah tahu bahwa kita perlu menggabungkan suku-suku yang sejenis. Coba perhatikan lagi suku-suku dengan variabel yang sama: $4p$ dan $-2p$, serta $3q$ dan $-q$. Ingat, kita harus mengurangi koefisiennya dengan benar. Coba hitung ulang dan lihat apakah kamu mendapatkan hasil yang berbeda. Kamu pasti bisa!'}"
46,47,Hasil pengurangan (6y + 4) â€“ (2y + 7) adalah....,4y â€“ 3,"Hmm, gampang! Kayaknya 8y + 11 deh?",Low,Low,Correct Response + Response Contingent,Hasil pengurangan (6y + 4) â€“ (2y + 7) adalah....,"Hmm, gampang! Kayaknya 8y + 11 deh?",Correct Response + Response Contingent,"```json
{
  ""Feedback_Type"": ""Correct Response + Response Contingent"",
  ""Feedback"": ""Hai! Kamu sudah mencoba menyelesaikan soal ini, bagus sekali! Namun, sepertinya ada sedikit kesalahan dalam perhitunganmu. Mari kita lihat bersama. Saat mengurangkan $(6y + 4) - (2y + 7)$, kita perlu mengurangkan setiap suku satu per satu. Coba perhatikan tanda negatif di depan kurung kedua, itu berarti kita harus mengurangkan setiap suku di dalamnya. Jadi, $6y - 2y$ dan $4 - 7$. Coba hitung lagi dengan cara ini dan lihat apakah hasilnya berbeda. Kamu pasti bisa!""
}
```","{'Feedback_Type': 'Correct Response + Response Contingent', 'Feedback': 'Hai! Kamu sudah mencoba menyelesaikan soal ini, bagus sekali! Namun, sepertinya ada sedikit kesalahan dalam perhitunganmu. Mari kita lihat bersama. Saat mengurangkan $(6y + 4) - (2y + 7)$, kita perlu mengurangkan setiap suku satu per satu. Coba perhatikan tanda negatif di depan kurung kedua, itu berarti kita harus mengurangkan setiap suku di dalamnya. Jadi, $6y - 2y$ dan $4 - 7$. Coba hitung lagi dengan cara ini dan lihat apakah hasilnya berbeda. Kamu pasti bisa!'}"
47,48,Hasil dari (x + 2) + (x â€“ 5) adalah....,2x â€“ 3,"Aduh, gampang! x^2 - 3.",High,Low,Correct Response + Topic Contingent,Hasil dari (x + 2) + (x â€“ 5) adalah....,"Aduh, gampang! x^2 - 3.",Correct Response + Topic Contingent,"```json
{
  ""Feedback_Type"": ""Correct Response + Topic Contingent"",
  ""Feedback"": ""Hai! Sepertinya kamu salah dalam menyederhanakan ekspresi aljabar ini. Mari kita lihat bersama. Ketika kita menjumlahkan $(x + 2) + (x - 5)$, kita hanya perlu menggabungkan suku-suku yang sejenis. Coba perhatikan kembali, apakah kamu yakin hasilnya $x^2 - 3$? Ingat, penjumlahan ini tidak melibatkan perkalian yang menghasilkan $x^2$. Ayo kita coba lagi dengan lebih teliti. Kamu pasti bisa!""
}
```","{'Feedback_Type': 'Correct Response + Topic Contingent', 'Feedback': 'Hai! Sepertinya kamu salah dalam menyederhanakan ekspresi aljabar ini. Mari kita lihat bersama. Ketika kita menjumlahkan $(x + 2) + (x - 5)$, kita hanya perlu menggabungkan suku-suku yang sejenis. Coba perhatikan kembali, apakah kamu yakin hasilnya $x^2 - 3$? Ingat, penjumlahan ini tidak melibatkan perkalian yang menghasilkan $x^2$. Ayo kita coba lagi dengan lebih teliti. Kamu pasti bisa!'}"
48,49,"Bentuk aljabar dari ""hasil kali 5 dan y"" adalah....",5y,"Hasil kali 5 sama y? Hmm, 5 + y aja deh.",Low,High,Verification + Delayed Correct Response + Response Contingent,"Bentuk aljabar dari ""hasil kali 5 dan y"" adalah....","Hasil kali 5 sama y? Hmm, 5 + y aja deh.",Verification + Delayed Correct Response + Response Contingent,"```json
{
  ""Feedback_Type"": ""Verification + Delayed Correct Response + Response Contingent"",
  ""Feedback"": ""Hai! Sepertinya ada sedikit kebingungan dengan istilah 'hasil kali'. Kamu menulis $5 + y$, yang artinya penjumlahan 5 dan $y$. Namun, 'hasil kali' berarti perkalian. Coba pikirkan kembali, bagaimana bentuk aljabar dari 'hasil kali 5 dan $y$'? Jika kamu masih bingung, ingat bahwa 'hasil kali' biasanya menggunakan tanda kali ($\\times$) atau bisa ditulis langsung berdampingan dalam aljabar. Kamu sudah berada di jalur yang tepat, terus semangat belajar!""
}
```","{'Feedback_Type': 'Verification + Delayed Correct Response + Response Contingent', 'Feedback': ""Hai! Sepertinya ada sedikit kebingungan dengan istilah 'hasil kali'. Kamu menulis $5 + y$, yang artinya penjumlahan 5 dan $y$. Namun, 'hasil kali' berarti perkalian. Coba pikirkan kembali, bagaimana bentuk aljabar dari 'hasil kali 5 dan $y$'? Jika kamu masih bingung, ingat bahwa 'hasil kali' biasanya menggunakan tanda kali ($\\times$) atau bisa ditulis langsung berdampingan dalam aljabar. Kamu sudah berada di jalur yang tepat, terus semangat belajar!""}"
49,50,"Bentuk aljabar dari ""selisih x dan 7"" adalah....",x â€“ 7,"Hmm, 7 dikurangi x kali ya?",Low,Low,Correct Response + Response Contingent,"Bentuk aljabar dari ""selisih x dan 7"" adalah....","Hmm, 7 dikurangi x kali ya?",Correct Response + Response Contingent,"```json
{
  ""Feedback_Type"": ""Correct Response + Response Contingent"",
  ""Feedback"": ""Hai! Sepertinya kamu berpikir bahwa 'selisih x dan 7' berarti 7 dikurangi x. Namun, dalam matematika, 'selisih' berarti kita mengurangi angka kedua dari angka pertama. Jadi, kita perlu mengurangkan 7 dari x. Coba pikirkan lagi, bagaimana bentuk aljabar yang tepat untuk 'selisih x dan 7'? Kamu sudah hampir benar, ayo coba lagi!""
}
```","{'Feedback_Type': 'Correct Response + Response Contingent', 'Feedback': ""Hai! Sepertinya kamu berpikir bahwa 'selisih x dan 7' berarti 7 dikurangi x. Namun, dalam matematika, 'selisih' berarti kita mengurangi angka kedua dari angka pertama. Jadi, kita perlu mengurangkan 7 dari x. Coba pikirkan lagi, bagaimana bentuk aljabar yang tepat untuk 'selisih x dan 7'? Kamu sudah hampir benar, ayo coba lagi!""}"
