result_id,student_id,quiz_section,question_id,question_text,student_answer,correct_answer,is_correct,knowledge_areas,timestamp
00517bdc-19c1-426e-95ef-8c06f7fad5bd,df7bc867-3592-4173-851d-569b9860811f,fraction_addition,add_3,Hasil dari $$1 \frac{1}{2} + \frac{1}{4}$$ adalah...,B. $$1 \frac{3}{4}$$,B,true,"[""addition""]",2026-03-05 09:28:19.788723
01611288-d5b3-4e4a-82e9-47714390315a,b9b1fa4c-afdc-4b3f-bc16-03873b7c5f2d,ordering_fractions,ord_3,Tanda pembanding yang tepat untuk $$\frac{3}{5} ... \frac{4}{7}$$ adalah...,B. >,B,true,"[""ordering""]",2026-03-10 04:35:37.557974
03447bb6-f733-498d-887a-6f322fc14b6d,b9b1fa4c-afdc-4b3f-bc16-03873b7c5f2d,ordering_fractions,ord_3,Tanda pembanding yang tepat untuk $$\frac{3}{5} ... \frac{4}{7}$$ adalah...,B. >,B,true,"[""ordering""]",2026-03-10 04:50:07.078063
04a1b68b-3f92-4d73-9342-9440e144b7c7,f04d9933-09aa-4abe-aa21-27f15084bf8f,ordering_fractions,ord_2,"Urutan pecahan $$\frac{1}{2}, \frac{1}{3}, \frac{1}{4}$$ dari yang terkecil adalah...","C. $$\frac{1}{4}, \frac{1}{3}, \frac{1}{2}$$",C,true,"[""ordering""]",2026-03-11 10:16:51.999192
0681e7ac-e7d1-4628-afbd-af2073d5668f,1762723a-9551-499a-b970-c168c3def60c,fraction_addition,add_4,Ibu membeli $$\frac{3}{4}$$ kg telur dan $$\frac{1}{2}$$ kg tepung. Total berat belanjaan Ibu adalah...,C. $$\frac{4}{6}$$ kg,A,false,"[""addition""]",2026-03-05 09:24:31.159217
06d22ad2-de0a-4cba-942c-962ec2b6fb15,df7bc867-3592-4173-851d-569b9860811f,ordering_fractions,ord_3,Tanda pembanding yang tepat untuk $$\frac{3}{5} ... \frac{4}{7}$$ adalah...,B. >,B,true,"[""ordering""]",2026-03-05 09:25:21.892648
07a64eb5-0128-495e-9eda-d11e7aeab940,1eead7ec-be42-45fd-b156-09f249ea566f,ordering_fractions,ord_4,Pecahan yang terletak di antara $$\frac{1}{5}$$ dan $$\frac{3}{5}$$ adalah...,B. $$\frac{4}{5}$$,A,false,"[""ordering""]",2026-03-05 09:22:31.028406
08cc0eca-085a-4282-9a11-e04e47b496a5,38834b1c-5088-4e5c-bdec-46a6785828c8,ordering_fractions,ord_4,Pecahan yang terletak di antara $$\frac{1}{5}$$ dan $$\frac{3}{5}$$ adalah...,A. $$\frac{2}{5}$$,A,true,"[""ordering""]",2026-03-05 09:18:13.390595
0a0f8ef6-bada-44f3-aadc-5051bc68311b,db042083-a72d-4b2c-9a5c-acba6a7334da,fraction_addition,add_2,Hasil dari $$\frac{2}{5} + \frac{1}{2}$$ adalah...,C. $$\frac{9}{10}$$,C,true,"[""addition""]",2026-03-07 22:26:53.172442
0a922820-8038-4a39-829a-2498ae15bfd3,2676eceb-8c8d-42b8-aa3b-215c30884c8a,ordering_fractions,ord_3,Tanda pembanding yang tepat untuk $$\frac{3}{5} ... \frac{4}{7}$$ adalah...,B. >,B,true,"[""ordering""]",2026-03-09 20:20:05.375848
0b9c9349-f3d0-4776-a5e6-cb1ec5c0b227,3ef7ff62-6b05-4ef5-aaa6-7b48be842f09,fraction_addition,add_4,Ibu membeli $$\frac{3}{4}$$ kg telur dan $$\frac{1}{2}$$ kg tepung. Total berat belanjaan Ibu adalah...,A. $$1 \frac{1}{4}$$ kg,A,true,"[""addition""]",2026-03-05 09:24:47.34286
0bb9c185-3181-47c0-861d-c3c54ca32cdc,df7bc867-3592-4173-851d-569b9860811f,ordering_fractions,ord_2,"Urutan pecahan $$\frac{1}{2}, \frac{1}{3}, \frac{1}{4}$$ dari yang terkecil adalah...","A. $$\frac{1}{2}, \frac{1}{3}, \frac{1}{4}$$",C,false,"[""ordering""]",2026-03-05 09:25:19.504481
0cbdee67-890e-4525-a41e-ddad6a587557,1762723a-9551-499a-b970-c168c3def60c,fraction_multiplication,mul_3,Hasil dari $$\frac{1}{2} \times \frac{4}{7}$$ adalah...,B. $$\frac{2}{7}$$,B,true,"[""multiplication""]",2026-03-05 09:32:21.06627
0cfc04b7-e10c-4b6b-a7cc-928afda60eda,304658fd-24f8-4b55-83d1-2627cc251c10,ordering_fractions,ord_3,Tanda pembanding yang tepat untuk $$\frac{3}{5} ... \frac{4}{7}$$ adalah...,B. >,B,true,"[""ordering""]",2026-03-05 09:19:43.397876
0d78dd3d-db0f-4af9-b36b-80018416986e,1762723a-9551-499a-b970-c168c3def60c,fraction_addition,add_3,Hasil dari $$1 \frac{1}{2} + \frac{1}{4}$$ adalah...,A. $$1 \frac{2}{4}$$,B,false,"[""addition""]",2026-03-09 13:17:35.876697
0eeb3c10-5aae-43a9-b547-8e4bbf311bd8,1762723a-9551-499a-b970-c168c3def60c,fraction_subtraction,sub_3,Hasil dari $$2 - \frac{3}{4}$$ adalah...,B. $$1 \frac{1}{4}$$,B,true,"[""subtraction""]",2026-03-05 09:29:00.94684
0f0ba0ab-2976-4fde-b5cb-2b696a015389,2ef7e723-a3c5-4d16-8a21-4163c6b6f6cd,fraction_multiplication,mul_3,Hasil dari $$\frac{1}{2} \times \frac{4}{7}$$ adalah...,C. $$\frac{4}{14}$$,B,false,"[""multiplication""]",2026-03-09 13:31:26.53918
125e928a-2fcd-4b70-900e-5dad011923c7,b9b1fa4c-afdc-4b3f-bc16-03873b7c5f2d,fraction_multiplication,mul_4,Hasil dari $$2 \frac{1}{2} \times \frac{1}{2}$$ adalah...,B. $$1 \frac{1}{4}$$,B,true,"[""multiplication""]",2026-03-10 05:13:27.367747
13d8bd58-8c11-42fe-9b78-8620d6e59737,cef191bb-daf1-4707-a563-f5c8266d4a08,ordering_fractions,ord_3,Tanda pembanding yang tepat untuk $$\frac{3}{5} ... \frac{4}{7}$$ adalah...,B. >,B,true,"[""ordering""]",2026-03-09 20:19:00.840174
1551b589-69bb-42ca-870d-3a68f7882b50,1654af33-3f96-4c53-90ef-2b01e06c17af,fraction_addition,add_2,Hasil dari $$\frac{2}{5} + \frac{1}{2}$$ adalah...,C. $$\frac{9}{10}$$,C,true,"[""addition""]",2026-03-10 05:59:05.396438
161abcea-5479-46cb-84be-a5fd5a05acad,6ebb0c6a-01be-45fe-b9a3-e6d7fc534da2,ordering_fractions,ord_3,Tanda pembanding yang tepat untuk $$\frac{3}{5} ... \frac{4}{7}$$ adalah...,B. >,B,true,"[""ordering""]",2026-03-05 09:26:52.851298
16ae214a-4160-429b-85ed-7d4510c624fc,1762723a-9551-499a-b970-c168c3def60c,fraction_addition,add_2,Hasil dari $$\frac{2}{5} + \frac{1}{2}$$ adalah...,A. $$\frac{3}{7}$$,C,false,"[""addition""]",2026-03-09 13:17:37.265893
171ef85e-b6f2-47f4-9a6b-9474b7d8c9b6,b9b1fa4c-afdc-4b3f-bc16-03873b7c5f2d,fraction_multiplication,mul_3,Hasil dari $$\frac{1}{2} \times \frac{4}{7}$$ adalah...,C. $$\frac{4}{14}$$,B,false,"[""multiplication""]",2026-03-10 05:13:26.964063
17d530cc-578c-4590-8293-fab68e0d16ed,2ef7e723-a3c5-4d16-8a21-4163c6b6f6cd,ordering_fractions,ord_4,Pecahan yang terletak di antara $$\frac{1}{5}$$ dan $$\frac{3}{5}$$ adalah...,A. $$\frac{2}{5}$$,A,true,"[""ordering""]",2026-03-09 13:35:57.216101
18576c12-8633-40d9-9e98-762b34e43122,304658fd-24f8-4b55-83d1-2627cc251c10,fraction_addition,add_2,Hasil dari $$\frac{2}{5} + \frac{1}{2}$$ adalah...,C. $$\frac{9}{10}$$,C,true,"[""addition""]",2026-03-05 09:22:51.040042
1882374b-41b3-4060-81e4-8bc77285f527,4087d78b-a949-4801-ba39-c0827c23ed8b,ordering_fractions,ord_2,"Urutan pecahan $$\frac{1}{2}, \frac{1}{3}, \frac{1}{4}$$ dari yang terkecil adalah...","B. $$\frac{1}{3}, \frac{1}{2}, \frac{1}{4}$$",C,false,"[""ordering""]",2026-03-11 13:36:35.403279
19ecf82f-474a-4602-ba30-a5dc8408a459,b9b1fa4c-afdc-4b3f-bc16-03873b7c5f2d,ordering_fractions,ord_2,"Urutan pecahan $$\frac{1}{2}, \frac{1}{3}, \frac{1}{4}$$ dari yang terkecil adalah...","C. $$\frac{1}{4}, \frac{1}{3}, \frac{1}{2}$$",C,true,"[""ordering""]",2026-03-10 04:50:06.71377
1addaeba-6a5e-47f0-9a8e-bb24f6032359,1762723a-9551-499a-b970-c168c3def60c,fraction_addition,add_3,Hasil dari $$1 \frac{1}{2} + \frac{1}{4}$$ adalah...,A. $$1 \frac{2}{4}$$,B,false,"[""addition""]",2026-03-09 13:17:36.876087
1c9722f6-dae4-48cd-ba9c-613c85d73219,6d8849cc-d848-44ce-8aa7-0f05fce358c4,fraction_multiplication,mul_4,Hasil dari $$2 \frac{1}{2} \times \frac{1}{2}$$ adalah...,C. $$2 \frac{1}{4}$$,B,false,"[""multiplication""]",2026-03-08 16:34:50.873243
1e49c3c6-2b2b-4def-8349-2da0b9d43ed9,cef191bb-daf1-4707-a563-f5c8266d4a08,ordering_fractions,ord_2,"Urutan pecahan $$\frac{1}{2}, \frac{1}{3}, \frac{1}{4}$$ dari yang terkecil adalah...","C. $$\frac{1}{4}, \frac{1}{3}, \frac{1}{2}$$",C,true,"[""ordering""]",2026-03-09 22:14:43.048849
1e903d32-df5c-4188-9658-5b9a6b5344e8,db042083-a72d-4b2c-9a5c-acba6a7334da,fraction_multiplication,mul_2,Hasil dari $$\frac{3}{4}$$ dari $$20$$ adalah...,C. $$15$$,C,true,"[""multiplication""]",2026-03-07 22:35:49.46308
1eaba969-9cd9-47c7-b0ad-c3e86ee82d8b,b9b1fa4c-afdc-4b3f-bc16-03873b7c5f2d,ordering_fractions,ord_4,Pecahan yang terletak di antara $$\frac{1}{5}$$ dan $$\frac{3}{5}$$ adalah...,A. $$\frac{2}{5}$$,A,true,"[""ordering""]",2026-03-10 05:14:34.636957
1f15d361-d610-450d-bb3b-b9710b1cef27,3ef7ff62-6b05-4ef5-aaa6-7b48be842f09,fraction_subtraction,sub_2,Hasil dari $$\frac{3}{4} - \frac{1}{3}$$ adalah...,B. $$\frac{5}{12}$$,B,true,"[""subtraction""]",2026-03-05 09:28:17.381019
210f66d0-3d65-42af-b5c3-0efebd5f1e2c,db042083-a72d-4b2c-9a5c-acba6a7334da,ordering_fractions,ord_4,Pecahan yang terletak di antara $$\frac{1}{5}$$ dan $$\frac{3}{5}$$ adalah...,A. $$\frac{2}{5}$$,A,true,"[""ordering""]",2026-03-07 22:29:37.649733
2136ece2-b118-41cd-9cb4-003ed8bd05fb,6d8849cc-d848-44ce-8aa7-0f05fce358c4,fraction_addition,add_4,Ibu membeli $$\frac{3}{4}$$ kg telur dan $$\frac{1}{2}$$ kg tepung. Total berat belanjaan Ibu adalah...,A. $$1 \frac{1}{4}$$ kg,A,true,"[""addition""]",2026-03-08 16:33:11.195197
215f1bb9-90d2-403a-ad77-f79842f482e1,2ef7e723-a3c5-4d16-8a21-4163c6b6f6cd,ordering_fractions,ord_4,Pecahan yang terletak di antara $$\frac{1}{5}$$ dan $$\frac{3}{5}$$ adalah...,A. $$\frac{2}{5}$$,A,true,"[""ordering""]",2026-03-09 13:35:57.213401
2231b146-1caf-4ee2-9f70-88f0858c0d1c,6d8849cc-d848-44ce-8aa7-0f05fce358c4,ordering_fractions,ord_4,Pecahan yang terletak di antara $$\frac{1}{5}$$ dan $$\frac{3}{5}$$ adalah...,A. $$\frac{2}{5}$$,A,true,"[""ordering""]",2026-03-09 22:03:32.628126
226f4632-0de1-4d61-9b2d-27741097a7d7,38834b1c-5088-4e5c-bdec-46a6785828c8,ordering_fractions,ord_3,Tanda pembanding yang tepat untuk $$\frac{3}{5} ... \frac{4}{7}$$ adalah...,B. >,B,true,"[""ordering""]",2026-03-05 09:18:13.06923
22ccc0bb-171c-4e38-a148-04d857157f19,1762723a-9551-499a-b970-c168c3def60c,fraction_addition,add_3,Hasil dari $$1 \frac{1}{2} + \frac{1}{4}$$ adalah...,A. $$1 \frac{2}{4}$$,B,false,"[""addition""]",2026-03-09 13:17:37.409766
231a91b5-9e36-4091-8495-4772c432025e,df7bc867-3592-4173-851d-569b9860811f,fraction_addition,add_4,Ibu membeli $$\frac{3}{4}$$ kg telur dan $$\frac{1}{2}$$ kg tepung. Total berat belanjaan Ibu adalah...,B. $$1 \frac{1}{2}$$ kg,A,false,"[""addition""]",2026-03-05 09:28:20.348108
23c3d804-25f9-489e-82e7-5bf235b5171d,fcee0ea9-6e65-4596-af7d-361d92742df8,ordering_fractions,ord_4,Pecahan yang terletak di antara $$\frac{1}{5}$$ dan $$\frac{3}{5}$$ adalah...,A. $$\frac{2}{5}$$,A,true,"[""ordering""]",2026-03-05 09:26:38.607439
244c839d-d229-4ced-8316-b9a3bb3ce008,6d8849cc-d848-44ce-8aa7-0f05fce358c4,fraction_subtraction,sub_3,Hasil dari $$2 - \frac{3}{4}$$ adalah...,B. $$1 \frac{1}{4}$$,B,true,"[""subtraction""]",2026-03-09 22:04:14.986085
248aa920-83e0-43d6-9835-a9d86a9a6974,b9b1fa4c-afdc-4b3f-bc16-03873b7c5f2d,ordering_fractions,ord_2,"Urutan pecahan $$\frac{1}{2}, \frac{1}{3}, \frac{1}{4}$$ dari yang terkecil adalah...","C. $$\frac{1}{4}, \frac{1}{3}, \frac{1}{2}$$",C,true,"[""ordering""]",2026-03-10 04:35:37.13504
251f66b5-656e-4586-b27e-760fa86b5216,4087d78b-a949-4801-ba39-c0827c23ed8b,fraction_addition,add_3,Hasil dari $$1 \frac{1}{2} + \frac{1}{4}$$ adalah...,B. $$1 \frac{3}{4}$$,B,true,"[""addition""]",2026-03-11 13:39:29.005139
258b9630-ea26-4de8-913d-0ed0b5b288d4,2ef7e723-a3c5-4d16-8a21-4163c6b6f6cd,ordering_fractions,ord_2,"Urutan pecahan $$\frac{1}{2}, \frac{1}{3}, \frac{1}{4}$$ dari yang terkecil adalah...","C. $$\frac{1}{4}, \frac{1}{3}, \frac{1}{2}$$",C,true,"[""ordering""]",2026-03-09 13:35:56.088041
262df78f-4d72-4dd6-b9f8-85d7c97e01a8,1762723a-9551-499a-b970-c168c3def60c,ordering_fractions,ord_2,"Urutan pecahan $$\frac{1}{2}, \frac{1}{3}, \frac{1}{4}$$ dari yang terkecil adalah...","C. $$\frac{1}{4}, \frac{1}{3}, \frac{1}{2}$$",C,true,"[""ordering""]",2026-03-05 09:21:35.198476
27e2f15a-d13c-4dad-9e78-7d377cd79e3c,f061b09f-bb98-4089-9446-8a80f5ecfd3a,ordering_fractions,ord_3,Tanda pembanding yang tepat untuk $$\frac{3}{5} ... \frac{4}{7}$$ adalah...,A. <,B,false,"[""ordering""]",2026-03-05 09:28:11.386783
28e8096e-d924-4f20-829c-ccbc7c7f51a3,1762723a-9551-499a-b970-c168c3def60c,ordering_fractions,ord_3,Tanda pembanding yang tepat untuk $$\frac{3}{5} ... \frac{4}{7}$$ adalah...,A. <,B,false,"[""ordering""]",2026-03-05 09:21:34.533787
2f2ed7d6-e903-4abc-a3ef-2f594dc01743,1762723a-9551-499a-b970-c168c3def60c,fraction_addition,add_4,Ibu membeli $$\frac{3}{4}$$ kg telur dan $$\frac{1}{2}$$ kg tepung. Total berat belanjaan Ibu adalah...,D. $$1 \frac{3}{4}$$ kg,A,false,"[""addition""]",2026-03-09 13:17:38.219365
30976afa-6c42-4bff-b7aa-c33d7b3fec28,df7bc867-3592-4173-851d-569b9860811f,fraction_addition,add_4,Ibu membeli $$\frac{3}{4}$$ kg telur dan $$\frac{1}{2}$$ kg tepung. Total berat belanjaan Ibu adalah...,B. $$1 \frac{1}{2}$$ kg,A,false,"[""addition""]",2026-03-05 09:28:19.026904
320db2e0-bed3-4d0d-a867-0257e6f4ce09,2ef7e723-a3c5-4d16-8a21-4163c6b6f6cd,ordering_fractions,ord_3,Tanda pembanding yang tepat untuk $$\frac{3}{5} ... \frac{4}{7}$$ adalah...,B. >,B,true,"[""ordering""]",2026-03-09 13:35:53.764163
33599d08-344a-4724-a424-4201fbf2656a,df7bc867-3592-4173-851d-569b9860811f,fraction_addition,add_3,Hasil dari $$1 \frac{1}{2} + \frac{1}{4}$$ adalah...,B. $$1 \frac{3}{4}$$,B,true,"[""addition""]",2026-03-05 09:28:16.179387
3392ce29-f80e-4eb8-b43c-efa1d91ecdcc,df7bc867-3592-4173-851d-569b9860811f,fraction_addition,add_4,Ibu membeli $$\frac{3}{4}$$ kg telur dan $$\frac{1}{2}$$ kg tepung. Total berat belanjaan Ibu adalah...,B. $$1 \frac{1}{2}$$ kg,A,false,"[""addition""]",2026-03-05 09:28:20.118571
33e33920-a0e5-4b9b-811d-2d8d5f7b8a21,6d8849cc-d848-44ce-8aa7-0f05fce358c4,fraction_subtraction,sub_4,"Sebuah botol berisi $$\frac{7}{8}$$ liter air. Jika diminum $$\frac{1}{4}$$ liter, sisa air adalah...",B. $$\frac{5}{8}$$ liter,B,true,"[""subtraction""]",2026-03-09 22:04:15.299116
33e4e5b6-5bb6-4de9-b3ff-cdabac8d8f09,1762723a-9551-499a-b970-c168c3def60c,fraction_addition,add_4,Ibu membeli $$\frac{3}{4}$$ kg telur dan $$\frac{1}{2}$$ kg tepung. Total berat belanjaan Ibu adalah...,D. $$1 \frac{3}{4}$$ kg,A,false,"[""addition""]",2026-03-09 13:17:36.363967
3424140b-162d-417d-9b58-8c659c4520fb,6d8849cc-d848-44ce-8aa7-0f05fce358c4,ordering_fractions,ord_2,"Urutan pecahan $$\frac{1}{2}, \frac{1}{3}, \frac{1}{4}$$ dari yang terkecil adalah...","C. $$\frac{1}{4}, \frac{1}{3}, \frac{1}{2}$$",C,true,"[""ordering""]",2026-03-05 09:50:05.096794
348cca28-fd9a-43da-a352-eeb167b6a2b7,6d8849cc-d848-44ce-8aa7-0f05fce358c4,ordering_fractions,ord_3,Tanda pembanding yang tepat untuk $$\frac{3}{5} ... \frac{4}{7}$$ adalah...,B. >,B,true,"[""ordering""]",2026-03-09 22:03:32.295631
36f03fd4-b767-4fe7-93f3-38219fb600b4,2ef7e723-a3c5-4d16-8a21-4163c6b6f6cd,ordering_fractions,ord_2,"Urutan pecahan $$\frac{1}{2}, \frac{1}{3}, \frac{1}{4}$$ dari yang terkecil adalah...","C. $$\frac{1}{4}, \frac{1}{3}, \frac{1}{2}$$",C,true,"[""ordering""]",2026-03-09 13:35:56.002639
37268d6c-e79c-4a5f-a105-2e87b813a11c,4087d78b-a949-4801-ba39-c0827c23ed8b,ordering_fractions,ord_3,Tanda pembanding yang tepat untuk $$\frac{3}{5} ... \frac{4}{7}$$ adalah...,B. >,B,true,"[""ordering""]",2026-03-11 13:36:35.630177
385fcec0-1e00-45ff-80b9-4d27bccfc4e3,df7bc867-3592-4173-851d-569b9860811f,fraction_addition,add_3,Hasil dari $$1 \frac{1}{2} + \frac{1}{4}$$ adalah...,B. $$1 \frac{3}{4}$$,B,true,"[""addition""]",2026-03-05 09:28:19.022605
38d0e86d-74a5-4d29-99c8-ef8f7b6dff26,6d8849cc-d848-44ce-8aa7-0f05fce358c4,fraction_subtraction,sub_2,Hasil dari $$\frac{3}{4} - \frac{1}{3}$$ adalah...,B. $$\frac{5}{12}$$,B,true,"[""subtraction""]",2026-03-08 16:33:53.790982
38f9669c-a261-4472-ab1b-331fcf571d6b,2ef7e723-a3c5-4d16-8a21-4163c6b6f6cd,fraction_subtraction,sub_3,Hasil dari $$2 - \frac{3}{4}$$ adalah...,B. $$1 \frac{1}{4}$$,B,true,"[""subtraction""]",2026-03-09 13:30:18.3686
3abe4295-34b8-4256-b85d-e30f926a2c88,2ef7e723-a3c5-4d16-8a21-4163c6b6f6cd,ordering_fractions,ord_3,Tanda pembanding yang tepat untuk $$\frac{3}{5} ... \frac{4}{7}$$ adalah...,B. >,B,true,"[""ordering""]",2026-03-09 13:35:55.492299
3c3a9bbb-4ec3-465a-864f-5f20d098bc2c,df7bc867-3592-4173-851d-569b9860811f,ordering_fractions,ord_4,Pecahan yang terletak di antara $$\frac{1}{5}$$ dan $$\frac{3}{5}$$ adalah...,A. $$\frac{2}{5}$$,A,true,"[""ordering""]",2026-03-05 09:25:22.284037
3c9bf514-f850-47fa-9c97-bf7c95e89892,df7bc867-3592-4173-851d-569b9860811f,ordering_fractions,ord_2,"Urutan pecahan $$\frac{1}{2}, \frac{1}{3}, \frac{1}{4}$$ dari yang terkecil adalah...","A. $$\frac{1}{2}, \frac{1}{3}, \frac{1}{4}$$",C,false,"[""ordering""]",2026-03-05 09:25:22.337689
3cbd29db-80ba-486c-9022-cb0a26e47655,b9b1fa4c-afdc-4b3f-bc16-03873b7c5f2d,fraction_addition,add_4,Ibu membeli $$\frac{3}{4}$$ kg telur dan $$\frac{1}{2}$$ kg tepung. Total berat belanjaan Ibu adalah...,A. $$1 \frac{1}{4}$$ kg,A,true,"[""addition""]",2026-03-10 05:10:47.022572
3d155d71-d3c2-41fa-bae8-a6b9a046b4a4,3ef7ff62-6b05-4ef5-aaa6-7b48be842f09,ordering_fractions,ord_3,Tanda pembanding yang tepat untuk $$\frac{3}{5} ... \frac{4}{7}$$ adalah...,B. >,B,true,"[""ordering""]",2026-03-05 09:22:14.428009
3d172408-2f04-40a6-b573-9c4e2aaf4f5b,db042083-a72d-4b2c-9a5c-acba6a7334da,fraction_addition,add_4,Ibu membeli $$\frac{3}{4}$$ kg telur dan $$\frac{1}{2}$$ kg tepung. Total berat belanjaan Ibu adalah...,A. $$1 \frac{1}{4}$$ kg,A,true,"[""addition""]",2026-03-07 22:26:54.119055
3d720cf1-5242-4ce6-8408-d0926c6158ba,df7bc867-3592-4173-851d-569b9860811f,ordering_fractions,ord_3,Tanda pembanding yang tepat untuk $$\frac{3}{5} ... \frac{4}{7}$$ adalah...,B. >,B,true,"[""ordering""]",2026-03-05 09:25:22.811507
3dcf158d-7596-45cb-b72e-e97f8d667289,1762723a-9551-499a-b970-c168c3def60c,ordering_fractions,ord_3,Tanda pembanding yang tepat untuk $$\frac{3}{5} ... \frac{4}{7}$$ adalah...,A. <,B,false,"[""ordering""]",2026-03-09 13:16:37.415854
3e4c3f80-57d9-43a9-b48b-27a445b176d9,2676eceb-8c8d-42b8-aa3b-215c30884c8a,ordering_fractions,ord_4,Pecahan yang terletak di antara $$\frac{1}{5}$$ dan $$\frac{3}{5}$$ adalah...,A. $$\frac{2}{5}$$,A,true,"[""ordering""]",2026-03-09 13:50:23.672911
3e86cf3e-8ba9-4e21-8e01-6d7938d7f00e,b9b1fa4c-afdc-4b3f-bc16-03873b7c5f2d,fraction_subtraction,sub_2,Hasil dari $$\frac{3}{4} - \frac{1}{3}$$ adalah...,B. $$\frac{5}{12}$$,B,true,"[""subtraction""]",2026-03-10 05:15:31.032314
400dc31b-8fc8-46a1-b79b-cbd96167d413,b9b1fa4c-afdc-4b3f-bc16-03873b7c5f2d,fraction_subtraction,sub_3,Hasil dari $$2 - \frac{3}{4}$$ adalah...,B. $$1 \frac{1}{4}$$,B,true,"[""subtraction""]",2026-03-10 05:12:04.01385
40c2ec71-804f-4c1c-8ebd-26e48790a36d,1762723a-9551-499a-b970-c168c3def60c,fraction_addition,add_2,Hasil dari $$\frac{2}{5} + \frac{1}{2}$$ adalah...,A. $$\frac{3}{7}$$,C,false,"[""addition""]",2026-03-09 13:17:32.458907
41ffc19a-85fc-4472-93d4-46d5eabba339,b9b1fa4c-afdc-4b3f-bc16-03873b7c5f2d,fraction_subtraction,sub_3,Hasil dari $$2 - \frac{3}{4}$$ adalah...,B. $$1 \frac{1}{4}$$,B,true,"[""subtraction""]",2026-03-10 05:15:31.450369
46334059-ebae-4646-8413-dcd2529a2e84,df7bc867-3592-4173-851d-569b9860811f,fraction_addition,add_4,Ibu membeli $$\frac{3}{4}$$ kg telur dan $$\frac{1}{2}$$ kg tepung. Total berat belanjaan Ibu adalah...,B. $$1 \frac{1}{2}$$ kg,A,false,"[""addition""]",2026-03-05 09:28:20.344186
4674b4cc-5a12-4a34-bed0-f6e542c4e33b,df7bc867-3592-4173-851d-569b9860811f,fraction_addition,add_4,Ibu membeli $$\frac{3}{4}$$ kg telur dan $$\frac{1}{2}$$ kg tepung. Total berat belanjaan Ibu adalah...,B. $$1 \frac{1}{2}$$ kg,A,false,"[""addition""]",2026-03-05 09:28:17.640069
46785058-ff04-4ae9-aced-a3e6325a8f98,2ef7e723-a3c5-4d16-8a21-4163c6b6f6cd,fraction_subtraction,sub_4,"Sebuah botol berisi $$\frac{7}{8}$$ liter air. Jika diminum $$\frac{1}{4}$$ liter, sisa air adalah...",B. $$\frac{5}{8}$$ liter,B,true,"[""subtraction""]",2026-03-09 13:30:18.697882
469e3932-1359-4a44-915f-5613add1cb97,2ef7e723-a3c5-4d16-8a21-4163c6b6f6cd,ordering_fractions,ord_3,Tanda pembanding yang tepat untuk $$\frac{3}{5} ... \frac{4}{7}$$ adalah...,B. >,B,true,"[""ordering""]",2026-03-09 13:35:56.879877
4a6ab4d2-5000-4975-977b-263b38a1ae49,2ef7e723-a3c5-4d16-8a21-4163c6b6f6cd,fraction_addition,add_4,Ibu membeli $$\frac{3}{4}$$ kg telur dan $$\frac{1}{2}$$ kg tepung. Total berat belanjaan Ibu adalah...,A. $$1 \frac{1}{4}$$ kg,A,true,"[""addition""]",2026-03-09 13:29:16.618359
4b90af6f-cecb-435c-a0fe-9b2409176944,b9b1fa4c-afdc-4b3f-bc16-03873b7c5f2d,fraction_multiplication,mul_2,Hasil dari $$\frac{3}{4}$$ dari $$20$$ adalah...,C. $$15$$,C,true,"[""multiplication""]",2026-03-10 05:16:12.177709
4c0cbc67-a392-413f-b1fc-3d69ba536a89,df7bc867-3592-4173-851d-569b9860811f,fraction_addition,add_4,Ibu membeli $$\frac{3}{4}$$ kg telur dan $$\frac{1}{2}$$ kg tepung. Total berat belanjaan Ibu adalah...,B. $$1 \frac{1}{2}$$ kg,A,false,"[""addition""]",2026-03-05 09:28:19.785585
4cbb4b09-2993-45b2-8d00-b7bb5601840c,4087d78b-a949-4801-ba39-c0827c23ed8b,fraction_subtraction,sub_3,Hasil dari $$2 - \frac{3}{4}$$ adalah...,B. $$1 \frac{1}{4}$$,B,true,"[""subtraction""]",2026-03-11 13:41:25.335901
4cec1ebc-933c-49ad-a9bf-b836fe89e278,1762723a-9551-499a-b970-c168c3def60c,fraction_multiplication,mul_4,Hasil dari $$2 \frac{1}{2} \times \frac{1}{2}$$ adalah...,C. $$2 \frac{1}{4}$$,B,false,"[""multiplication""]",2026-03-05 09:32:21.398198
4cf12329-0882-4248-811e-ff843e335428,db042083-a72d-4b2c-9a5c-acba6a7334da,fraction_subtraction,sub_4,"Sebuah botol berisi $$\frac{7}{8}$$ liter air. Jika diminum $$\frac{1}{4}$$ liter, sisa air adalah...",B. $$\frac{5}{8}$$ liter,B,true,"[""subtraction""]",2026-03-07 22:33:17.819746
4d8baa3e-c339-463e-a3d0-b093c9f2fc3a,b9b1fa4c-afdc-4b3f-bc16-03873b7c5f2d,fraction_subtraction,sub_4,"Sebuah botol berisi $$\frac{7}{8}$$ liter air. Jika diminum $$\frac{1}{4}$$ liter, sisa air adalah...",B. $$\frac{5}{8}$$ liter,B,true,"[""subtraction""]",2026-03-10 05:12:04.373245
4d90ab07-5f79-4725-a62a-be8c5c7ee39e,1762723a-9551-499a-b970-c168c3def60c,fraction_addition,add_4,Ibu membeli $$\frac{3}{4}$$ kg telur dan $$\frac{1}{2}$$ kg tepung. Total berat belanjaan Ibu adalah...,D. $$1 \frac{3}{4}$$ kg,A,false,"[""addition""]",2026-03-09 13:17:38.212155
4e87a354-204b-4074-95c7-1e66e960a361,df7bc867-3592-4173-851d-569b9860811f,fraction_addition,add_2,Hasil dari $$\frac{2}{5} + \frac{1}{2}$$ adalah...,C. $$\frac{9}{10}$$,C,true,"[""addition""]",2026-03-05 09:28:19.040529
4ef478fa-e3f6-4a60-9e86-2e4a69a4ec5d,4087d78b-a949-4801-ba39-c0827c23ed8b,fraction_subtraction,sub_4,"Sebuah botol berisi $$\frac{7}{8}$$ liter air. Jika diminum $$\frac{1}{4}$$ liter, sisa air adalah...",B. $$\frac{5}{8}$$ liter,B,true,"[""subtraction""]",2026-03-11 13:41:25.505455
4facb463-cdcb-4ffb-904c-8907141f15eb,b9b1fa4c-afdc-4b3f-bc16-03873b7c5f2d,fraction_addition,add_4,Ibu membeli $$\frac{3}{4}$$ kg telur dan $$\frac{1}{2}$$ kg tepung. Total berat belanjaan Ibu adalah...,A. $$1 \frac{1}{4}$$ kg,A,true,"[""addition""]",2026-03-10 05:14:52.190067
5039d053-fad2-4729-9fdb-3824bbaea956,b9b1fa4c-afdc-4b3f-bc16-03873b7c5f2d,ordering_fractions,ord_3,Tanda pembanding yang tepat untuk $$\frac{3}{5} ... \frac{4}{7}$$ adalah...,B. >,B,true,"[""ordering""]",2026-03-10 05:10:22.939278
5039ed82-f5cf-410d-9b81-bb5cdea1f139,2ef7e723-a3c5-4d16-8a21-4163c6b6f6cd,ordering_fractions,ord_2,"Urutan pecahan $$\frac{1}{2}, \frac{1}{3}, \frac{1}{4}$$ dari yang terkecil adalah...","C. $$\frac{1}{4}, \frac{1}{3}, \frac{1}{2}$$",C,true,"[""ordering""]",2026-03-09 13:35:55.554052
51aa3e1a-0bf6-48ad-9f8f-f6647fced2af,6d8849cc-d848-44ce-8aa7-0f05fce358c4,fraction_multiplication,mul_3,Hasil dari $$\frac{1}{2} \times \frac{4}{7}$$ adalah...,B. $$\frac{2}{7}$$,B,true,"[""multiplication""]",2026-03-09 22:04:47.731981
53088d0b-3c31-4763-a1cc-d80816665ef9,4087d78b-a949-4801-ba39-c0827c23ed8b,fraction_addition,add_4,Ibu membeli $$\frac{3}{4}$$ kg telur dan $$\frac{1}{2}$$ kg tepung. Total berat belanjaan Ibu adalah...,A. $$1 \frac{1}{4}$$ kg,A,true,"[""addition""]",2026-03-11 13:39:29.170155
53a45781-f8a9-4e1c-9be0-e58242d253f3,df7bc867-3592-4173-851d-569b9860811f,fraction_addition,add_2,Hasil dari $$\frac{2}{5} + \frac{1}{2}$$ adalah...,C. $$\frac{9}{10}$$,C,true,"[""addition""]",2026-03-05 09:28:15.593481
55116f80-1202-4de8-a132-849d1a44407b,cef191bb-daf1-4707-a563-f5c8266d4a08,ordering_fractions,ord_4,Pecahan yang terletak di antara $$\frac{1}{5}$$ dan $$\frac{3}{5}$$ adalah...,A. $$\frac{2}{5}$$,A,true,"[""ordering""]",2026-03-09 22:14:43.745948
55ae6ebf-b625-4132-8e55-b53de0dd231d,d61d7c5f-ae96-4cf1-8b7a-043ff82be47a,ordering_fractions,ord_4,Pecahan yang terletak di antara $$\frac{1}{5}$$ dan $$\frac{3}{5}$$ adalah...,A. $$\frac{2}{5}$$,A,true,"[""ordering""]",2026-03-11 11:08:58.021634
5757696c-d2f9-454a-9740-36d116955b11,1762723a-9551-499a-b970-c168c3def60c,fraction_addition,add_2,Hasil dari $$\frac{2}{5} + \frac{1}{2}$$ adalah...,A. $$\frac{3}{7}$$,C,false,"[""addition""]",2026-03-09 13:17:37.090668
57734a36-f43e-4fc9-9bef-521da99f8ed1,55f94980-ef03-47fd-9f42-677c09a982b4,ordering_fractions,ord_2,"Urutan pecahan $$\frac{1}{2}, \frac{1}{3}, \frac{1}{4}$$ dari yang terkecil adalah...","C. $$\frac{1}{4}, \frac{1}{3}, \frac{1}{2}$$",C,true,"[""ordering""]",2026-03-09 13:54:55.385675
59f399fb-876b-4288-becd-813ae2ad7811,df7bc867-3592-4173-851d-569b9860811f,fraction_addition,add_3,Hasil dari $$1 \frac{1}{2} + \frac{1}{4}$$ adalah...,B. $$1 \frac{3}{4}$$,B,true,"[""addition""]",2026-03-05 09:28:19.793234
5b5a174e-48e6-46b4-8bcd-d0059a4b7c7c,db042083-a72d-4b2c-9a5c-acba6a7334da,fraction_multiplication,mul_3,Hasil dari $$\frac{1}{2} \times \frac{4}{7}$$ adalah...,B. $$\frac{2}{7}$$,B,true,"[""multiplication""]",2026-03-07 22:35:50.129135
5dd6ff25-8cef-4be3-a540-8093e1a4ef4a,db042083-a72d-4b2c-9a5c-acba6a7334da,ordering_fractions,ord_2,"Urutan pecahan $$\frac{1}{2}, \frac{1}{3}, \frac{1}{4}$$ dari yang terkecil adalah...","C. $$\frac{1}{4}, \frac{1}{3}, \frac{1}{2}$$",C,true,"[""ordering""]",2026-03-07 22:29:36.852108
615e3f72-8e44-4958-a26d-486adddb3b3d,df7bc867-3592-4173-851d-569b9860811f,fraction_addition,add_4,Ibu membeli $$\frac{3}{4}$$ kg telur dan $$\frac{1}{2}$$ kg tepung. Total berat belanjaan Ibu adalah...,B. $$1 \frac{1}{2}$$ kg,A,false,"[""addition""]",2026-03-05 09:28:16.503509
62c9fa05-fb40-40a7-9f1d-64fa7dc79852,b9b1fa4c-afdc-4b3f-bc16-03873b7c5f2d,ordering_fractions,ord_4,Pecahan yang terletak di antara $$\frac{1}{5}$$ dan $$\frac{3}{5}$$ adalah...,A. $$\frac{2}{5}$$,A,true,"[""ordering""]",2026-03-10 04:35:37.898048
6309f249-adb8-44db-b3b5-fdbd1bb2ee33,d61d7c5f-ae96-4cf1-8b7a-043ff82be47a,ordering_fractions,ord_2,"Urutan pecahan $$\frac{1}{2}, \frac{1}{3}, \frac{1}{4}$$ dari yang terkecil adalah...","C. $$\frac{1}{4}, \frac{1}{3}, \frac{1}{2}$$",C,true,"[""ordering""]",2026-03-11 11:08:57.2914
67f20b8c-f1bf-48f6-8f99-22b1df46aaf9,1762723a-9551-499a-b970-c168c3def60c,fraction_addition,add_3,Hasil dari $$1 \frac{1}{2} + \frac{1}{4}$$ adalah...,A. $$1 \frac{2}{4}$$,B,false,"[""addition""]",2026-03-09 13:17:37.902032
685ca6df-c5c4-4476-8acf-b3badbdbe2fe,207d66fd-2335-4e54-bbc3-77e112f9a535,ordering_fractions,ord_2,"Urutan pecahan $$\frac{1}{2}, \frac{1}{3}, \frac{1}{4}$$ dari yang terkecil adalah...","A. $$\frac{1}{2}, \frac{1}{3}, \frac{1}{4}$$",C,false,"[""ordering""]",2026-03-09 22:54:31.657132
68aec9ef-43aa-44c4-82d2-1b4508c42026,1762723a-9551-499a-b970-c168c3def60c,ordering_fractions,ord_2,"Urutan pecahan $$\frac{1}{2}, \frac{1}{3}, \frac{1}{4}$$ dari yang terkecil adalah...","C. $$\frac{1}{4}, \frac{1}{3}, \frac{1}{2}$$",C,true,"[""ordering""]",2026-03-09 13:16:37.048129
69cdf7cc-c757-4772-9d71-67f53c9e4518,2ef7e723-a3c5-4d16-8a21-4163c6b6f6cd,ordering_fractions,ord_4,Pecahan yang terletak di antara $$\frac{1}{5}$$ dan $$\frac{3}{5}$$ adalah...,A. $$\frac{2}{5}$$,A,true,"[""ordering""]",2026-03-09 13:35:55.989965
6af17d9b-eb00-4b68-865e-31fabab3823a,1eead7ec-be42-45fd-b156-09f249ea566f,ordering_fractions,ord_3,Tanda pembanding yang tepat untuk $$\frac{3}{5} ... \frac{4}{7}$$ adalah...,B. >,B,true,"[""ordering""]",2026-03-05 09:22:30.711884
6d39b6f8-2e8d-4a1b-b101-77079f92115b,304658fd-24f8-4b55-83d1-2627cc251c10,fraction_addition,add_4,Ibu membeli $$\frac{3}{4}$$ kg telur dan $$\frac{1}{2}$$ kg tepung. Total berat belanjaan Ibu adalah...,A. $$1 \frac{1}{4}$$ kg,A,true,"[""addition""]",2026-03-05 09:22:52.914727
6da1e7a9-232f-4c8e-95d6-29de28952306,304658fd-24f8-4b55-83d1-2627cc251c10,fraction_addition,add_2,Hasil dari $$\frac{2}{5} + \frac{1}{2}$$ adalah...,C. $$\frac{9}{10}$$,C,true,"[""addition""]",2026-03-05 09:22:51.889711
6e81ce97-f0d9-4d95-b275-3c05002e64c5,1762723a-9551-499a-b970-c168c3def60c,fraction_addition,add_2,Hasil dari $$\frac{2}{5} + \frac{1}{2}$$ adalah...,A. $$\frac{3}{7}$$,C,false,"[""addition""]",2026-03-09 13:17:34.34144
6eb6f64d-e993-4ae8-b521-eaac65def6a1,1762723a-9551-499a-b970-c168c3def60c,fraction_addition,add_3,Hasil dari $$1 \frac{1}{2} + \frac{1}{4}$$ adalah...,A. $$1 \frac{2}{4}$$,B,false,"[""addition""]",2026-03-09 13:17:33.566564
6edaf7f6-26d1-46d7-8009-0f3fe9e76299,2ef7e723-a3c5-4d16-8a21-4163c6b6f6cd,ordering_fractions,ord_4,Pecahan yang terletak di antara $$\frac{1}{5}$$ dan $$\frac{3}{5}$$ adalah...,A. $$\frac{2}{5}$$,A,true,"[""ordering""]",2026-03-09 13:35:57.498402
6f2cd6e1-8822-4646-a25b-c02cde88393e,877f8022-74b5-4c67-9f34-bc431f32457c,ordering_fractions,ord_4,Which statement is true?,C. $$\frac{3}{5} = \frac{2}{3}$$,B,false,"[""ordering""]",2026-02-20 01:27:19.143751
7008b981-520a-469c-bddc-da89a8b1a51c,b9b1fa4c-afdc-4b3f-bc16-03873b7c5f2d,ordering_fractions,ord_3,Tanda pembanding yang tepat untuk $$\frac{3}{5} ... \frac{4}{7}$$ adalah...,B. >,B,true,"[""ordering""]",2026-03-10 05:14:34.275482
701a78a1-4015-485c-8799-7c1a24513540,df7bc867-3592-4173-851d-569b9860811f,ordering_fractions,ord_2,"Urutan pecahan $$\frac{1}{2}, \frac{1}{3}, \frac{1}{4}$$ dari yang terkecil adalah...","A. $$\frac{1}{2}, \frac{1}{3}, \frac{1}{4}$$",C,false,"[""ordering""]",2026-03-05 09:25:21.291867
702686d1-251d-47c2-bc26-897007285fbf,877f8022-74b5-4c67-9f34-bc431f32457c,ordering_fractions,ord_3,"Arrange in ascending order: $$\frac{2}{5}, \frac{3}{10}, \frac{1}{2}$$","C. $$\frac{2}{5}, \frac{3}{10}, \frac{1}{2}$$",A,false,"[""ordering""]",2026-02-20 01:27:18.974207
70ed587d-21f9-49eb-93f1-c05fbf03441d,6ebb0c6a-01be-45fe-b9a3-e6d7fc534da2,ordering_fractions,ord_2,"Urutan pecahan $$\frac{1}{2}, \frac{1}{3}, \frac{1}{4}$$ dari yang terkecil adalah...","C. $$\frac{1}{4}, \frac{1}{3}, \frac{1}{2}$$",C,true,"[""ordering""]",2026-03-05 09:26:52.529846
713ae8de-cd04-460e-ac98-3947b7dc94b1,877f8022-74b5-4c67-9f34-bc431f32457c,ordering_fractions,ord_2,"Which fraction is the smallest? $$\frac{1}{2}, \frac{1}{3}, \frac{1}{4}$$",A. $$\frac{1}{2}$$,C,false,"[""ordering""]",2026-02-20 01:27:18.729169
73559ac6-6ebb-4c87-a22f-ec8df98f33ac,877f8022-74b5-4c67-9f34-bc431f32457c,ordering_fractions,ord_5,Which fraction is between $$\frac{1}{4}$$ and $$\frac{1}{2}$$?,A. $$\frac{1}{3}$$,A,true,"[""ordering""]",2026-02-20 01:27:19.325554
739e8a4b-f01e-49a5-acb4-4b2c42cd280d,1762723a-9551-499a-b970-c168c3def60c,fraction_addition,add_2,Hasil dari $$\frac{2}{5} + \frac{1}{2}$$ adalah...,A. $$\frac{3}{7}$$,C,false,"[""addition""]",2026-03-09 13:17:35.549988
73ca7bf2-1da9-4f1e-883f-d9da2c064fa3,5bb37871-3feb-4f5e-98c4-d0f9ee0d2e48,ordering_fractions,ord_2,"Urutan pecahan $$\frac{1}{2}, \frac{1}{3}, \frac{1}{4}$$ dari yang terkecil adalah...","D. $$\frac{1}{4}, \frac{1}{2}, \frac{1}{3}$$",C,false,"[""ordering""]",2026-03-09 13:33:29.81776
7500f6d9-fa80-40ff-b353-b389ceedaf73,2ef7e723-a3c5-4d16-8a21-4163c6b6f6cd,fraction_multiplication,mul_4,Hasil dari $$2 \frac{1}{2} \times \frac{1}{2}$$ adalah...,B. $$1 \frac{1}{4}$$,B,true,"[""multiplication""]",2026-03-09 13:31:26.865532
75288f78-8634-401c-a9be-4da7784e03c7,3ef7ff62-6b05-4ef5-aaa6-7b48be842f09,fraction_subtraction,sub_3,Hasil dari $$2 - \frac{3}{4}$$ adalah...,B. $$1 \frac{1}{4}$$,B,true,"[""subtraction""]",2026-03-05 09:28:18.154482
753ac688-7021-4e81-8249-ad093c6707a2,a695672e-2e94-45cc-a692-cda08e2b71cf,ordering_fractions,ord_2,"Urutan pecahan $$\frac{1}{2}, \frac{1}{3}, \frac{1}{4}$$ dari yang terkecil adalah...","A. $$\frac{1}{2}, \frac{1}{3}, \frac{1}{4}$$",C,false,"[""ordering""]",2026-03-05 12:23:59.83558
7549b91d-9db8-4d79-a759-a76bcd2ee3c0,2ef7e723-a3c5-4d16-8a21-4163c6b6f6cd,ordering_fractions,ord_3,Tanda pembanding yang tepat untuk $$\frac{3}{5} ... \frac{4}{7}$$ adalah...,B. >,B,true,"[""ordering""]",2026-03-09 13:35:56.552605
75dc360e-652d-4ed5-888e-fa2df4050aa1,1762723a-9551-499a-b970-c168c3def60c,fraction_multiplication,mul_2,Hasil dari $$\frac{3}{4}$$ dari $$20$$ adalah...,D. $$12$$,C,false,"[""multiplication""]",2026-03-05 09:32:20.740275
7660610f-d298-45ed-b196-20e611e71d40,b9b1fa4c-afdc-4b3f-bc16-03873b7c5f2d,fraction_subtraction,sub_3,Hasil dari $$2 - \frac{3}{4}$$ adalah...,B. $$1 \frac{1}{4}$$,B,true,"[""subtraction""]",2026-03-10 05:12:04.370848
7671da2f-b707-4c31-9492-63c51e896925,6d8849cc-d848-44ce-8aa7-0f05fce358c4,fraction_subtraction,sub_2,Hasil dari $$\frac{3}{4} - \frac{1}{3}$$ adalah...,B. $$\frac{5}{12}$$,B,true,"[""subtraction""]",2026-03-09 22:04:14.482095
767aa870-33f1-4c41-865d-357cbcc87f80,1654af33-3f96-4c53-90ef-2b01e06c17af,fraction_addition,add_4,Ibu membeli $$\frac{3}{4}$$ kg telur dan $$\frac{1}{2}$$ kg tepung. Total berat belanjaan Ibu adalah...,A. $$1 \frac{1}{4}$$ kg,A,true,"[""addition""]",2026-03-10 05:59:06.141746
7736c92b-c2dc-4ae6-b527-b9a9811d9ece,3ef7ff62-6b05-4ef5-aaa6-7b48be842f09,ordering_fractions,ord_2,"Urutan pecahan $$\frac{1}{2}, \frac{1}{3}, \frac{1}{4}$$ dari yang terkecil adalah...","C. $$\frac{1}{4}, \frac{1}{3}, \frac{1}{2}$$",C,true,"[""ordering""]",2026-03-05 09:22:13.569115
7a771e1d-4981-470a-acd2-a4c8c84fa8e7,6d8849cc-d848-44ce-8aa7-0f05fce358c4,fraction_multiplication,mul_2,Hasil dari $$\frac{3}{4}$$ dari $$20$$ adalah...,C. $$15$$,C,true,"[""multiplication""]",2026-03-09 22:04:47.382276
7d25059c-49dd-4611-9249-321380a63f65,2676eceb-8c8d-42b8-aa3b-215c30884c8a,ordering_fractions,ord_4,Pecahan yang terletak di antara $$\frac{1}{5}$$ dan $$\frac{3}{5}$$ adalah...,C. $$\frac{1}{2}$$,A,false,"[""ordering""]",2026-03-09 20:20:05.540632
7f65abb2-d83a-4f38-82e2-3823476136e0,b9b1fa4c-afdc-4b3f-bc16-03873b7c5f2d,fraction_subtraction,sub_2,Hasil dari $$\frac{3}{4} - \frac{1}{3}$$ adalah...,B. $$\frac{5}{12}$$,B,true,"[""subtraction""]",2026-03-10 05:12:02.856348
81141dbf-d81b-4bf8-af35-74e16586b5a4,3ef7ff62-6b05-4ef5-aaa6-7b48be842f09,fraction_addition,add_2,Hasil dari $$\frac{2}{5} + \frac{1}{2}$$ adalah...,C. $$\frac{9}{10}$$,C,true,"[""addition""]",2026-03-05 09:24:45.641779
83123394-1d6e-4aab-accc-3af2526258c8,1762723a-9551-499a-b970-c168c3def60c,fraction_addition,add_4,Ibu membeli $$\frac{3}{4}$$ kg telur dan $$\frac{1}{2}$$ kg tepung. Total berat belanjaan Ibu adalah...,D. $$1 \frac{3}{4}$$ kg,A,false,"[""addition""]",2026-03-09 13:17:35.75744
855dbfca-75ea-45c7-861a-cc15b49c95b9,6d8849cc-d848-44ce-8aa7-0f05fce358c4,ordering_fractions,ord_3,Tanda pembanding yang tepat untuk $$\frac{3}{5} ... \frac{4}{7}$$ adalah...,B. >,B,true,"[""ordering""]",2026-03-08 16:32:43.792517
85a6ad0b-b29a-4176-bc22-09e389cd7b50,4087d78b-a949-4801-ba39-c0827c23ed8b,fraction_multiplication,mul_4,Hasil dari $$2 \frac{1}{2} \times \frac{1}{2}$$ adalah...,C. $$2 \frac{1}{4}$$,B,false,"[""multiplication""]",2026-03-11 13:42:40.136543
86a70964-2e5b-4ca3-befe-09a68b2177b5,b9b1fa4c-afdc-4b3f-bc16-03873b7c5f2d,ordering_fractions,ord_2,"Urutan pecahan $$\frac{1}{2}, \frac{1}{3}, \frac{1}{4}$$ dari yang terkecil adalah...","C. $$\frac{1}{4}, \frac{1}{3}, \frac{1}{2}$$",C,true,"[""ordering""]",2026-03-10 05:14:33.859395
871a2852-8381-41d3-bf59-08d78365f16d,6d8849cc-d848-44ce-8aa7-0f05fce358c4,fraction_addition,add_4,Ibu membeli $$\frac{3}{4}$$ kg telur dan $$\frac{1}{2}$$ kg tepung. Total berat belanjaan Ibu adalah...,A. $$1 \frac{1}{4}$$ kg,A,true,"[""addition""]",2026-03-09 22:03:57.788456
8747f033-d3ae-494d-98c5-37971f444422,1762723a-9551-499a-b970-c168c3def60c,fraction_addition,add_2,Hasil dari $$\frac{2}{5} + \frac{1}{2}$$ adalah...,A. $$\frac{3}{7}$$,C,false,"[""addition""]",2026-03-09 13:17:37.401479
89c1a727-3f7c-4cc7-a5bb-9c375a787722,f04d9933-09aa-4abe-aa21-27f15084bf8f,ordering_fractions,ord_4,Pecahan yang terletak di antara $$\frac{1}{5}$$ dan $$\frac{3}{5}$$ adalah...,A. $$\frac{2}{5}$$,A,true,"[""ordering""]",2026-03-11 10:16:52.430961
8a42cd0d-4396-4a1b-a455-7691717c8df4,2ef7e723-a3c5-4d16-8a21-4163c6b6f6cd,ordering_fractions,ord_3,Tanda pembanding yang tepat untuk $$\frac{3}{5} ... \frac{4}{7}$$ adalah...,B. >,B,true,"[""ordering""]",2026-03-09 13:35:56.555592
8ae7bcdf-329b-46b6-938d-3928159d9b30,6d8849cc-d848-44ce-8aa7-0f05fce358c4,ordering_fractions,ord_2,"Urutan pecahan $$\frac{1}{2}, \frac{1}{3}, \frac{1}{4}$$ dari yang terkecil adalah...","C. $$\frac{1}{4}, \frac{1}{3}, \frac{1}{2}$$",C,true,"[""ordering""]",2026-03-08 16:32:42.735002
8bebf20c-7f1f-4d06-8446-d321bc7b8320,cef191bb-daf1-4707-a563-f5c8266d4a08,ordering_fractions,ord_2,"Urutan pecahan $$\frac{1}{2}, \frac{1}{3}, \frac{1}{4}$$ dari yang terkecil adalah...","A. $$\frac{1}{2}, \frac{1}{3}, \frac{1}{4}$$",C,false,"[""ordering""]",2026-03-09 22:09:17.448695
8c4e021a-2c3a-4647-8500-c59c450b03e4,df7bc867-3592-4173-851d-569b9860811f,fraction_addition,add_3,Hasil dari $$1 \frac{1}{2} + \frac{1}{4}$$ adalah...,B. $$1 \frac{3}{4}$$,B,true,"[""addition""]",2026-03-05 09:28:19.939781
8cdb1f28-b62c-4886-b0a0-0058f5ca454e,a695672e-2e94-45cc-a692-cda08e2b71cf,ordering_fractions,ord_3,Tanda pembanding yang tepat untuk $$\frac{3}{5} ... \frac{4}{7}$$ adalah...,A. <,B,false,"[""ordering""]",2026-03-05 12:24:00.18027
8e91b879-51c3-419d-9c21-1165351ffef7,fcee0ea9-6e65-4596-af7d-361d92742df8,ordering_fractions,ord_2,"Urutan pecahan $$\frac{1}{2}, \frac{1}{3}, \frac{1}{4}$$ dari yang terkecil adalah...","A. $$\frac{1}{2}, \frac{1}{3}, \frac{1}{4}$$",C,false,"[""ordering""]",2026-03-05 09:26:37.963943
8f2cea31-d7a8-4d84-b516-f9d698ba8221,3ef7ff62-6b05-4ef5-aaa6-7b48be842f09,fraction_multiplication,mul_2,Hasil dari $$\frac{3}{4}$$ dari $$20$$ adalah...,A. $$5$$,C,false,"[""multiplication""]",2026-03-05 09:30:08.579818
908bd4f5-2976-4726-841e-29f9fd61f7cb,2ef7e723-a3c5-4d16-8a21-4163c6b6f6cd,fraction_addition,add_2,Hasil dari $$\frac{2}{5} + \frac{1}{2}$$ adalah...,C. $$\frac{9}{10}$$,C,true,"[""addition""]",2026-03-09 13:29:15.908799
911991b5-85e1-4e5f-9949-8aadd52fd057,b9b1fa4c-afdc-4b3f-bc16-03873b7c5f2d,fraction_addition,add_2,Hasil dari $$\frac{2}{5} + \frac{1}{2}$$ adalah...,C. $$\frac{9}{10}$$,C,true,"[""addition""]",2026-03-10 05:14:51.409551
95451b1d-b9d9-4276-acb6-04d2a05fe074,6d8849cc-d848-44ce-8aa7-0f05fce358c4,fraction_subtraction,sub_3,Hasil dari $$2 - \frac{3}{4}$$ adalah...,B. $$1 \frac{1}{4}$$,B,true,"[""subtraction""]",2026-03-08 16:33:54.321907
95fb7b94-759a-4b13-9df4-587b93e99c20,b9b1fa4c-afdc-4b3f-bc16-03873b7c5f2d,fraction_subtraction,sub_4,"Sebuah botol berisi $$\frac{7}{8}$$ liter air. Jika diminum $$\frac{1}{4}$$ liter, sisa air adalah...",B. $$\frac{5}{8}$$ liter,B,true,"[""subtraction""]",2026-03-10 05:12:04.915643
994dfdd3-e56f-4c67-ad39-0694788eaacc,4087d78b-a949-4801-ba39-c0827c23ed8b,fraction_addition,add_2,Hasil dari $$\frac{2}{5} + \frac{1}{2}$$ adalah...,C. $$\frac{9}{10}$$,C,true,"[""addition""]",2026-03-11 13:39:28.822075
99cb06cb-e72d-4c09-8aa4-3930c115ecb7,55f94980-ef03-47fd-9f42-677c09a982b4,ordering_fractions,ord_3,Tanda pembanding yang tepat untuk $$\frac{3}{5} ... \frac{4}{7}$$ adalah...,B. >,B,true,"[""ordering""]",2026-03-09 13:54:55.622115
9b3f8102-c8fa-41ef-9138-15aa27abf143,d61d7c5f-ae96-4cf1-8b7a-043ff82be47a,ordering_fractions,ord_3,Tanda pembanding yang tepat untuk $$\frac{3}{5} ... \frac{4}{7}$$ adalah...,B. >,B,true,"[""ordering""]",2026-03-11 11:08:57.6974
9b5913ac-2daa-4256-a714-757ab833b213,4087d78b-a949-4801-ba39-c0827c23ed8b,fraction_multiplication,mul_2,Hasil dari $$\frac{3}{4}$$ dari $$20$$ adalah...,C. $$15$$,C,true,"[""multiplication""]",2026-03-11 13:42:39.509122
9b6d813b-39a2-4ec8-abcb-dd18ea9a0cab,3ef7ff62-6b05-4ef5-aaa6-7b48be842f09,ordering_fractions,ord_4,Pecahan yang terletak di antara $$\frac{1}{5}$$ dan $$\frac{3}{5}$$ adalah...,A. $$\frac{2}{5}$$,A,true,"[""ordering""]",2026-03-05 09:22:14.744072
9b790068-0936-42d8-8009-c1186aabfd3f,cef191bb-daf1-4707-a563-f5c8266d4a08,ordering_fractions,ord_4,Pecahan yang terletak di antara $$\frac{1}{5}$$ dan $$\frac{3}{5}$$ adalah...,A. $$\frac{2}{5}$$,A,true,"[""ordering""]",2026-03-09 22:09:18.422871
9bb8100c-6e79-4b80-9f14-c0c48cc9b8ca,1654af33-3f96-4c53-90ef-2b01e06c17af,fraction_addition,add_3,Hasil dari $$1 \frac{1}{2} + \frac{1}{4}$$ adalah...,B. $$1 \frac{3}{4}$$,B,true,"[""addition""]",2026-03-10 05:59:05.802024
9ca0438a-02e2-40f2-a540-e66feaaaa49d,b9b1fa4c-afdc-4b3f-bc16-03873b7c5f2d,fraction_addition,add_2,Hasil dari $$\frac{2}{5} + \frac{1}{2}$$ adalah...,C. $$\frac{9}{10}$$,C,true,"[""addition""]",2026-03-10 05:10:46.31004
9efd5d5c-9f6d-4157-9e00-8ce447246e23,f04d9933-09aa-4abe-aa21-27f15084bf8f,ordering_fractions,ord_3,Tanda pembanding yang tepat untuk $$\frac{3}{5} ... \frac{4}{7}$$ adalah...,B. >,B,true,"[""ordering""]",2026-03-11 10:16:52.238804
a0c7d788-e3c4-4a75-89ae-d2ba91257a54,1762723a-9551-499a-b970-c168c3def60c,fraction_addition,add_4,Ibu membeli $$\frac{3}{4}$$ kg telur dan $$\frac{1}{2}$$ kg tepung. Total berat belanjaan Ibu adalah...,C. $$\frac{4}{6}$$ kg,A,false,"[""addition""]",2026-03-05 09:24:30.83996
a1c9ea5d-a97f-4b55-8df2-3f2ea41c982d,1762723a-9551-499a-b970-c168c3def60c,fraction_subtraction,sub_4,"Sebuah botol berisi $$\frac{7}{8}$$ liter air. Jika diminum $$\frac{1}{4}$$ liter, sisa air adalah...",A. $$\frac{6}{4}$$ liter,B,false,"[""subtraction""]",2026-03-09 13:34:55.627596
a1d1ff87-a89e-4c32-9427-1d8b2f0c3d8f,207d66fd-2335-4e54-bbc3-77e112f9a535,ordering_fractions,ord_4,Pecahan yang terletak di antara $$\frac{1}{5}$$ dan $$\frac{3}{5}$$ adalah...,A. $$\frac{2}{5}$$,A,true,"[""ordering""]",2026-03-09 22:54:32.35375
a322bf6f-e105-4f61-bcb5-6ea673a742fe,6d8849cc-d848-44ce-8aa7-0f05fce358c4,fraction_addition,add_2,Hasil dari $$\frac{2}{5} + \frac{1}{2}$$ adalah...,C. $$\frac{9}{10}$$,C,true,"[""addition""]",2026-03-08 16:33:10.468963
a36da448-6720-4546-9a9a-b11d482aa4b2,cef191bb-daf1-4707-a563-f5c8266d4a08,ordering_fractions,ord_3,Tanda pembanding yang tepat untuk $$\frac{3}{5} ... \frac{4}{7}$$ adalah...,B. >,B,true,"[""ordering""]",2026-03-09 22:09:17.782258
a407f884-75bc-4799-a067-a50e112842ec,1762723a-9551-499a-b970-c168c3def60c,ordering_fractions,ord_4,Pecahan yang terletak di antara $$\frac{1}{5}$$ dan $$\frac{3}{5}$$ adalah...,A. $$\frac{2}{5}$$,A,true,"[""ordering""]",2026-03-09 13:16:37.731786
a634f2b2-77ed-4e37-a4fe-58b6030eeba3,3ef7ff62-6b05-4ef5-aaa6-7b48be842f09,fraction_addition,add_2,Hasil dari $$\frac{2}{5} + \frac{1}{2}$$ adalah...,C. $$\frac{9}{10}$$,C,true,"[""addition""]",2026-03-05 09:24:45.977332
a655ab55-b217-4e4e-bba7-0e93bb0f757e,df7bc867-3592-4173-851d-569b9860811f,ordering_fractions,ord_4,Pecahan yang terletak di antara $$\frac{1}{5}$$ dan $$\frac{3}{5}$$ adalah...,A. $$\frac{2}{5}$$,A,true,"[""ordering""]",2026-03-05 09:25:23.3785
a67b6757-c347-4bff-b56e-f2d905801a40,207d66fd-2335-4e54-bbc3-77e112f9a535,ordering_fractions,ord_3,Tanda pembanding yang tepat untuk $$\frac{3}{5} ... \frac{4}{7}$$ adalah...,A. <,B,false,"[""ordering""]",2026-03-09 22:54:31.982127
a74a10ba-ae7b-4fe7-b644-7e4ab6adaf0d,cef191bb-daf1-4707-a563-f5c8266d4a08,ordering_fractions,ord_3,Tanda pembanding yang tepat untuk $$\frac{3}{5} ... \frac{4}{7}$$ adalah...,B. >,B,true,"[""ordering""]",2026-03-09 22:14:43.420477
a9eb1cbb-89e3-40fa-926c-80af52ed5455,df7bc867-3592-4173-851d-569b9860811f,fraction_addition,add_2,Hasil dari $$\frac{2}{5} + \frac{1}{2}$$ adalah...,C. $$\frac{9}{10}$$,C,true,"[""addition""]",2026-03-05 09:28:17.90186
aa730755-03db-478d-b197-d8d7b9670b54,304658fd-24f8-4b55-83d1-2627cc251c10,fraction_addition,add_4,Ibu membeli $$\frac{3}{4}$$ kg telur dan $$\frac{1}{2}$$ kg tepung. Total berat belanjaan Ibu adalah...,A. $$1 \frac{1}{4}$$ kg,A,true,"[""addition""]",2026-03-05 09:22:51.846126
abd7e7d1-45df-4da5-9a65-e16d1d16cb65,6d8849cc-d848-44ce-8aa7-0f05fce358c4,fraction_addition,add_3,Hasil dari $$1 \frac{1}{2} + \frac{1}{4}$$ adalah...,B. $$1 \frac{3}{4}$$,B,true,"[""addition""]",2026-03-09 22:03:57.472678
acc50047-a9fe-4585-a80d-b3c4ed3abe9d,b9b1fa4c-afdc-4b3f-bc16-03873b7c5f2d,ordering_fractions,ord_4,Pecahan yang terletak di antara $$\frac{1}{5}$$ dan $$\frac{3}{5}$$ adalah...,A. $$\frac{2}{5}$$,A,true,"[""ordering""]",2026-03-10 04:45:25.720736
add75a3c-cc6e-4127-8d4e-49ac4973aa6d,db042083-a72d-4b2c-9a5c-acba6a7334da,fraction_addition,add_3,Hasil dari $$1 \frac{1}{2} + \frac{1}{4}$$ adalah...,B. $$1 \frac{3}{4}$$,B,true,"[""addition""]",2026-03-07 22:26:53.805629
af011410-d0cf-442c-a646-690a5085f429,b9b1fa4c-afdc-4b3f-bc16-03873b7c5f2d,ordering_fractions,ord_4,Pecahan yang terletak di antara $$\frac{1}{5}$$ dan $$\frac{3}{5}$$ adalah...,A. $$\frac{2}{5}$$,A,true,"[""ordering""]",2026-03-10 05:10:23.255165
afaebfe2-70b4-44c4-9382-a453528711df,f061b09f-bb98-4089-9446-8a80f5ecfd3a,ordering_fractions,ord_4,Pecahan yang terletak di antara $$\frac{1}{5}$$ dan $$\frac{3}{5}$$ adalah...,A. $$\frac{2}{5}$$,A,true,"[""ordering""]",2026-03-05 09:28:11.719258
b018d61f-4ae6-463e-8ae2-10a89d58416e,1762723a-9551-499a-b970-c168c3def60c,ordering_fractions,ord_2,"Urutan pecahan $$\frac{1}{2}, \frac{1}{3}, \frac{1}{4}$$ dari yang terkecil adalah...","C. $$\frac{1}{4}, \frac{1}{3}, \frac{1}{2}$$",C,true,"[""ordering""]",2026-03-05 09:21:34.204015
b02ba9fc-df75-4ac2-a9d0-08ddad293f45,2ef7e723-a3c5-4d16-8a21-4163c6b6f6cd,ordering_fractions,ord_4,Pecahan yang terletak di antara $$\frac{1}{5}$$ dan $$\frac{3}{5}$$ adalah...,A. $$\frac{2}{5}$$,A,true,"[""ordering""]",2026-03-09 13:35:55.482248
b0fea388-86e9-4152-abe6-582fd0a401a7,db042083-a72d-4b2c-9a5c-acba6a7334da,fraction_subtraction,sub_2,Hasil dari $$\frac{3}{4} - \frac{1}{3}$$ adalah...,B. $$\frac{5}{12}$$,B,true,"[""subtraction""]",2026-03-07 22:33:17.065699
b3b27547-2c7e-4cb0-858f-cd3133caec3d,df7bc867-3592-4173-851d-569b9860811f,ordering_fractions,ord_3,Tanda pembanding yang tepat untuk $$\frac{3}{5} ... \frac{4}{7}$$ adalah...,B. >,B,true,"[""ordering""]",2026-03-05 09:25:20.129738
b64126a3-17fc-4493-a57c-4eff2aa9f5fb,1762723a-9551-499a-b970-c168c3def60c,ordering_fractions,ord_4,Pecahan yang terletak di antara $$\frac{1}{5}$$ dan $$\frac{3}{5}$$ adalah...,A. $$\frac{2}{5}$$,A,true,"[""ordering""]",2026-03-05 09:21:34.925697
b79c5944-2fcf-40d5-a1f4-db6ae8c2e607,1762723a-9551-499a-b970-c168c3def60c,fraction_addition,add_4,Ibu membeli $$\frac{3}{4}$$ kg telur dan $$\frac{1}{2}$$ kg tepung. Total berat belanjaan Ibu adalah...,D. $$1 \frac{3}{4}$$ kg,A,false,"[""addition""]",2026-03-09 13:17:34.326219
b8a4077d-e970-4bab-ad87-c225ec0b38a2,db042083-a72d-4b2c-9a5c-acba6a7334da,fraction_multiplication,mul_4,Hasil dari $$2 \frac{1}{2} \times \frac{1}{2}$$ adalah...,B. $$1 \frac{1}{4}$$,B,true,"[""multiplication""]",2026-03-07 22:35:50.45458
b8a7df1b-ca27-4164-bd3c-8e564e215984,3ef7ff62-6b05-4ef5-aaa6-7b48be842f09,fraction_subtraction,sub_4,"Sebuah botol berisi $$\frac{7}{8}$$ liter air. Jika diminum $$\frac{1}{4}$$ liter, sisa air adalah...",B. $$\frac{5}{8}$$ liter,B,true,"[""subtraction""]",2026-03-05 09:28:19.012911
b93da3ea-218f-4c4f-8853-ec140f1f3ae1,1762723a-9551-499a-b970-c168c3def60c,fraction_addition,add_2,Hasil dari $$\frac{2}{5} + \frac{1}{2}$$ adalah...,A. $$\frac{3}{7}$$,C,false,"[""addition""]",2026-03-09 13:17:36.378506
bb127a83-2265-42f6-8c94-b67260212637,6d8849cc-d848-44ce-8aa7-0f05fce358c4,fraction_multiplication,mul_4,Hasil dari $$2 \frac{1}{2} \times \frac{1}{2}$$ adalah...,B. $$1 \frac{1}{4}$$,B,true,"[""multiplication""]",2026-03-09 22:04:48.046638
bba397b6-9a0c-4793-bbfb-02550b50757c,6d8849cc-d848-44ce-8aa7-0f05fce358c4,ordering_fractions,ord_2,"Urutan pecahan $$\frac{1}{2}, \frac{1}{3}, \frac{1}{4}$$ dari yang terkecil adalah...","C. $$\frac{1}{4}, \frac{1}{3}, \frac{1}{2}$$",C,true,"[""ordering""]",2026-03-09 22:03:31.892111
bbf26085-3a13-481b-b921-c13992381beb,b9b1fa4c-afdc-4b3f-bc16-03873b7c5f2d,fraction_addition,add_3,Hasil dari $$1 \frac{1}{2} + \frac{1}{4}$$ adalah...,B. $$1 \frac{3}{4}$$,B,true,"[""addition""]",2026-03-10 05:10:46.69302
be4590ef-22ee-4902-ad47-81a0cdd5cf70,3ef7ff62-6b05-4ef5-aaa6-7b48be842f09,fraction_multiplication,mul_4,Hasil dari $$2 \frac{1}{2} \times \frac{1}{2}$$ adalah...,C. $$2 \frac{1}{4}$$,B,false,"[""multiplication""]",2026-03-05 09:30:09.411789
bf2e29ab-54c2-4272-bffe-76e4052f2abb,1762723a-9551-499a-b970-c168c3def60c,fraction_addition,add_3,Hasil dari $$1 \frac{1}{2} + \frac{1}{4}$$ adalah...,A. $$1 \frac{2}{4}$$,B,false,"[""addition""]",2026-03-05 09:24:30.842733
c07d6dab-3a7c-4153-908d-6e141d9eab3b,2ef7e723-a3c5-4d16-8a21-4163c6b6f6cd,ordering_fractions,ord_3,Tanda pembanding yang tepat untuk $$\frac{3}{5} ... \frac{4}{7}$$ adalah...,B. >,B,true,"[""ordering""]",2026-03-09 13:23:42.39946
c09e732d-23ff-46bf-92ae-7bee871908a7,1762723a-9551-499a-b970-c168c3def60c,ordering_fractions,ord_3,Tanda pembanding yang tepat untuk $$\frac{3}{5} ... \frac{4}{7}$$ adalah...,A. <,B,false,"[""ordering""]",2026-03-05 09:21:35.735681
c0bd5c51-d1a3-4bba-ac76-d8581db5bdeb,6d8849cc-d848-44ce-8aa7-0f05fce358c4,fraction_addition,add_2,Hasil dari $$\frac{2}{5} + \frac{1}{2}$$ adalah...,C. $$\frac{9}{10}$$,C,true,"[""addition""]",2026-03-09 22:03:57.154588
c19b3101-a059-4676-b955-a7a5dd13d351,2ef7e723-a3c5-4d16-8a21-4163c6b6f6cd,fraction_multiplication,mul_2,Hasil dari $$\frac{3}{4}$$ dari $$20$$ adalah...,C. $$15$$,C,true,"[""multiplication""]",2026-03-09 13:31:26.227411
c1b72254-5840-4f86-9b96-84639f3d8959,2676eceb-8c8d-42b8-aa3b-215c30884c8a,ordering_fractions,ord_2,"Urutan pecahan $$\frac{1}{2}, \frac{1}{3}, \frac{1}{4}$$ dari yang terkecil adalah...","C. $$\frac{1}{4}, \frac{1}{3}, \frac{1}{2}$$",C,true,"[""ordering""]",2026-03-09 20:20:04.913532
c22dd347-81ca-4ce0-a8ac-baa84b0a07b1,b9b1fa4c-afdc-4b3f-bc16-03873b7c5f2d,fraction_multiplication,mul_2,Hasil dari $$\frac{3}{4}$$ dari $$20$$ adalah...,C. $$15$$,C,true,"[""multiplication""]",2026-03-10 05:13:26.504141
c2786e2b-7d6e-4256-add1-c4cde9652eb3,b9b1fa4c-afdc-4b3f-bc16-03873b7c5f2d,ordering_fractions,ord_2,"Urutan pecahan $$\frac{1}{2}, \frac{1}{3}, \frac{1}{4}$$ dari yang terkecil adalah...","C. $$\frac{1}{4}, \frac{1}{3}, \frac{1}{2}$$",C,true,"[""ordering""]",2026-03-10 05:10:22.534042
c344ea63-4f82-49a7-b9f5-ba844b48c6bc,1762723a-9551-499a-b970-c168c3def60c,fraction_addition,add_3,Hasil dari $$1 \frac{1}{2} + \frac{1}{4}$$ adalah...,A. $$1 \frac{2}{4}$$,B,false,"[""addition""]",2026-03-05 09:24:30.311185
c676edc1-9392-41b2-a8ca-6c50d011bbe9,b9b1fa4c-afdc-4b3f-bc16-03873b7c5f2d,ordering_fractions,ord_3,Tanda pembanding yang tepat untuk $$\frac{3}{5} ... \frac{4}{7}$$ adalah...,B. >,B,true,"[""ordering""]",2026-03-10 04:45:25.365472
c6b4e37d-2b8d-4389-88b2-d5dd054885f8,304658fd-24f8-4b55-83d1-2627cc251c10,ordering_fractions,ord_2,"Urutan pecahan $$\frac{1}{2}, \frac{1}{3}, \frac{1}{4}$$ dari yang terkecil adalah...","C. $$\frac{1}{4}, \frac{1}{3}, \frac{1}{2}$$",C,true,"[""ordering""]",2026-03-05 09:19:43.086264
c6e09519-d8e7-4c68-b233-b5e59d1c52ef,304658fd-24f8-4b55-83d1-2627cc251c10,fraction_addition,add_3,Hasil dari $$1 \frac{1}{2} + \frac{1}{4}$$ adalah...,B. $$1 \frac{3}{4}$$,B,true,"[""addition""]",2026-03-05 09:22:52.407571
ca2f1cf3-2e5e-4960-83ae-ab4121dfb730,2ef7e723-a3c5-4d16-8a21-4163c6b6f6cd,fraction_subtraction,sub_2,Hasil dari $$\frac{3}{4} - \frac{1}{3}$$ adalah...,B. $$\frac{5}{12}$$,B,true,"[""subtraction""]",2026-03-09 13:30:18.064397
ca4fe0ce-bceb-4f85-8ba9-622e0075d58d,2ef7e723-a3c5-4d16-8a21-4163c6b6f6cd,ordering_fractions,ord_4,Pecahan yang terletak di antara $$\frac{1}{5}$$ dan $$\frac{3}{5}$$ adalah...,A. $$\frac{2}{5}$$,A,true,"[""ordering""]",2026-03-09 13:23:42.721901
ca7556a5-6479-43ac-89c5-5782717549d0,b9b1fa4c-afdc-4b3f-bc16-03873b7c5f2d,fraction_multiplication,mul_3,Hasil dari $$\frac{1}{2} \times \frac{4}{7}$$ adalah...,B. $$\frac{2}{7}$$,B,true,"[""multiplication""]",2026-03-10 05:16:12.738098
cb323d71-b2ad-4476-b44b-a5aea50f18b1,1762723a-9551-499a-b970-c168c3def60c,fraction_subtraction,sub_2,Hasil dari $$\frac{3}{4} - \frac{1}{3}$$ adalah...,A. $$\frac{2}{1}$$,B,false,"[""subtraction""]",2026-03-09 13:34:54.57757
cb37daec-3784-426d-8d89-f72a7b9f3502,df7bc867-3592-4173-851d-569b9860811f,fraction_addition,add_2,Hasil dari $$\frac{2}{5} + \frac{1}{2}$$ adalah...,C. $$\frac{9}{10}$$,C,true,"[""addition""]",2026-03-05 09:28:18.541324
ccc20ff7-68e4-477e-85f6-890d109a9999,1762723a-9551-499a-b970-c168c3def60c,fraction_subtraction,sub_3,Hasil dari $$2 - \frac{3}{4}$$ adalah...,A. $$\frac{1}{4}$$,B,false,"[""subtraction""]",2026-03-09 13:34:55.186852
cebbed72-2480-4c65-bed6-f17c2e5c23df,2ef7e723-a3c5-4d16-8a21-4163c6b6f6cd,ordering_fractions,ord_2,"Urutan pecahan $$\frac{1}{2}, \frac{1}{3}, \frac{1}{4}$$ dari yang terkecil adalah...","C. $$\frac{1}{4}, \frac{1}{3}, \frac{1}{2}$$",C,true,"[""ordering""]",2026-03-09 13:23:42.043514
cef82050-1816-43a3-b502-0f88e43622da,42dcbe2b-084e-4101-96bd-e5e5d38ca2b5,ordering_fractions,ord_4,Pecahan yang terletak di antara $$\frac{1}{5}$$ dan $$\frac{3}{5}$$ adalah...,A. $$\frac{2}{5}$$,A,true,"[""ordering""]",2026-03-09 13:50:11.223524
cfd9ab90-e735-4103-9971-d59aa420647c,df7bc867-3592-4173-851d-569b9860811f,fraction_addition,add_2,Hasil dari $$\frac{2}{5} + \frac{1}{2}$$ adalah...,C. $$\frac{9}{10}$$,C,true,"[""addition""]",2026-03-05 09:28:18.795507
d04368cc-2f85-44a2-8ea8-6511868f9d20,42dcbe2b-084e-4101-96bd-e5e5d38ca2b5,ordering_fractions,ord_3,Tanda pembanding yang tepat untuk $$\frac{3}{5} ... \frac{4}{7}$$ adalah...,C. =,B,false,"[""ordering""]",2026-03-09 13:50:11.055924
d04485f9-0f67-4541-986d-b27e4090a79b,b9b1fa4c-afdc-4b3f-bc16-03873b7c5f2d,fraction_subtraction,sub_4,"Sebuah botol berisi $$\frac{7}{8}$$ liter air. Jika diminum $$\frac{1}{4}$$ liter, sisa air adalah...",B. $$\frac{5}{8}$$ liter,B,true,"[""subtraction""]",2026-03-10 05:15:31.838301
d292881e-f2a0-4a3e-8960-000e458d3bb0,38834b1c-5088-4e5c-bdec-46a6785828c8,ordering_fractions,ord_2,"Urutan pecahan $$\frac{1}{2}, \frac{1}{3}, \frac{1}{4}$$ dari yang terkecil adalah...","C. $$\frac{1}{4}, \frac{1}{3}, \frac{1}{2}$$",C,true,"[""ordering""]",2026-03-05 09:18:12.655336
d421c077-215c-4af7-ba74-f75fae1c5afe,6d8849cc-d848-44ce-8aa7-0f05fce358c4,fraction_multiplication,mul_2,Hasil dari $$\frac{3}{4}$$ dari $$20$$ adalah...,C. $$15$$,C,true,"[""multiplication""]",2026-03-08 16:34:50.185747
d45a2b05-2403-4abd-a292-7dae0a81f9ae,b9b1fa4c-afdc-4b3f-bc16-03873b7c5f2d,fraction_subtraction,sub_2,Hasil dari $$\frac{3}{4} - \frac{1}{3}$$ adalah...,B. $$\frac{5}{12}$$,B,true,"[""subtraction""]",2026-03-10 05:12:03.078399
d45d9053-b30e-4677-90cc-bdcdba3a1e85,3ef7ff62-6b05-4ef5-aaa6-7b48be842f09,fraction_multiplication,mul_3,Hasil dari $$\frac{1}{2} \times \frac{4}{7}$$ adalah...,D. $$\frac{1}{7}$$,B,false,"[""multiplication""]",2026-03-05 09:30:08.89848
d4838a2d-b163-4410-852a-b689560ea14b,1762723a-9551-499a-b970-c168c3def60c,fraction_addition,add_2,Hasil dari $$\frac{2}{5} + \frac{1}{2}$$ adalah...,A. $$\frac{3}{7}$$,C,false,"[""addition""]",2026-03-05 09:24:30.529524
d7b20f47-ef76-499d-aca4-2a0aa9a1698e,5bb37871-3feb-4f5e-98c4-d0f9ee0d2e48,ordering_fractions,ord_3,Tanda pembanding yang tepat untuk $$\frac{3}{5} ... \frac{4}{7}$$ adalah...,B. >,B,true,"[""ordering""]",2026-03-09 13:33:30.188523
da4838d1-0d54-4505-af0b-6cc55d9b9e6c,b9b1fa4c-afdc-4b3f-bc16-03873b7c5f2d,ordering_fractions,ord_2,"Urutan pecahan $$\frac{1}{2}, \frac{1}{3}, \frac{1}{4}$$ dari yang terkecil adalah...","C. $$\frac{1}{4}, \frac{1}{3}, \frac{1}{2}$$",C,true,"[""ordering""]",2026-03-10 04:45:24.909663
dabbc620-f8d4-4005-92da-4a699e3f5c5c,df7bc867-3592-4173-851d-569b9860811f,fraction_addition,add_3,Hasil dari $$1 \frac{1}{2} + \frac{1}{4}$$ adalah...,B. $$1 \frac{3}{4}$$,B,true,"[""addition""]",2026-03-05 09:28:17.325524
db0391c6-1d30-4ba4-8e88-316809d4580a,3ef7ff62-6b05-4ef5-aaa6-7b48be842f09,fraction_addition,add_3,Hasil dari $$1 \frac{1}{2} + \frac{1}{4}$$ adalah...,B. $$1 \frac{3}{4}$$,B,true,"[""addition""]",2026-03-05 09:24:46.593187
db22c870-05db-4db5-84a4-7c95d8618a27,4087d78b-a949-4801-ba39-c0827c23ed8b,fraction_subtraction,sub_2,Hasil dari $$\frac{3}{4} - \frac{1}{3}$$ adalah...,A. $$\frac{2}{1}$$,B,false,"[""subtraction""]",2026-03-11 13:41:25.095959
dc454847-0290-478b-9814-b8bd583943dc,2ef7e723-a3c5-4d16-8a21-4163c6b6f6cd,ordering_fractions,ord_2,"Urutan pecahan $$\frac{1}{2}, \frac{1}{3}, \frac{1}{4}$$ dari yang terkecil adalah...","C. $$\frac{1}{4}, \frac{1}{3}, \frac{1}{2}$$",C,true,"[""ordering""]",2026-03-09 13:35:55.171336
df59f1e7-b41e-4fe1-918b-b3afacea9ca4,6d8849cc-d848-44ce-8aa7-0f05fce358c4,ordering_fractions,ord_4,Pecahan yang terletak di antara $$\frac{1}{5}$$ dan $$\frac{3}{5}$$ adalah...,A. $$\frac{2}{5}$$,A,true,"[""ordering""]",2026-03-08 16:32:44.109165
df5cf19e-6bb7-4850-8b60-93b57d111c21,304658fd-24f8-4b55-83d1-2627cc251c10,ordering_fractions,ord_4,Pecahan yang terletak di antara $$\frac{1}{5}$$ dan $$\frac{3}{5}$$ adalah...,A. $$\frac{2}{5}$$,A,true,"[""ordering""]",2026-03-05 09:19:43.710084
e0943fea-ab1f-47e7-b5eb-d4a2831db4b0,df7bc867-3592-4173-851d-569b9860811f,fraction_addition,add_2,Hasil dari $$\frac{2}{5} + \frac{1}{2}$$ adalah...,C. $$\frac{9}{10}$$,C,true,"[""addition""]",2026-03-05 09:28:18.772096
e0edd297-440b-4d84-86b8-7a95e018983e,877f8022-74b5-4c67-9f34-bc431f32457c,ordering_fractions,ord_1,"Which fraction is the largest? $$\frac{3}{4}, \frac{2}{3}, \frac{5}{6}$$",A. $$\frac{3}{4}$$,C,false,"[""ordering""]",2026-02-20 01:27:18.079193
e333bfcd-f0db-4c09-94a3-2bdd8ed53f5f,b9b1fa4c-afdc-4b3f-bc16-03873b7c5f2d,ordering_fractions,ord_4,Pecahan yang terletak di antara $$\frac{1}{5}$$ dan $$\frac{3}{5}$$ adalah...,A. $$\frac{2}{5}$$,A,true,"[""ordering""]",2026-03-10 04:50:07.405689
e3afdeca-aaf1-4144-9dde-fad918a44d22,1762723a-9551-499a-b970-c168c3def60c,fraction_subtraction,sub_2,Hasil dari $$\frac{3}{4} - \frac{1}{3}$$ adalah...,C. $$\frac{2}{12}$$,B,false,"[""subtraction""]",2026-03-05 09:29:00.511701
e3beffe3-222b-496f-811d-3bf5507cc782,3ef7ff62-6b05-4ef5-aaa6-7b48be842f09,fraction_addition,add_4,Ibu membeli $$\frac{3}{4}$$ kg telur dan $$\frac{1}{2}$$ kg tepung. Total berat belanjaan Ibu adalah...,A. $$1 \frac{1}{4}$$ kg,A,true,"[""addition""]",2026-03-05 09:24:46.417347
e3ed8214-7702-4c90-990b-c4130d0adabd,2ef7e723-a3c5-4d16-8a21-4163c6b6f6cd,ordering_fractions,ord_2,"Urutan pecahan $$\frac{1}{2}, \frac{1}{3}, \frac{1}{4}$$ dari yang terkecil adalah...","C. $$\frac{1}{4}, \frac{1}{3}, \frac{1}{2}$$",C,true,"[""ordering""]",2026-03-09 13:35:53.389539
e5eef075-1192-43ea-97d4-d3330485c107,df7bc867-3592-4173-851d-569b9860811f,fraction_addition,add_2,Hasil dari $$\frac{2}{5} + \frac{1}{2}$$ adalah...,C. $$\frac{9}{10}$$,C,true,"[""addition""]",2026-03-05 09:28:16.802108
e64f3c32-07a5-4795-aadb-8e8b4ab0e303,6d8849cc-d848-44ce-8aa7-0f05fce358c4,fraction_multiplication,mul_3,Hasil dari $$\frac{1}{2} \times \frac{4}{7}$$ adalah...,B. $$\frac{2}{7}$$,B,true,"[""multiplication""]",2026-03-08 16:34:50.561218
e84e4994-b1a9-4286-88f7-55eee9919efd,a695672e-2e94-45cc-a692-cda08e2b71cf,ordering_fractions,ord_4,Pecahan yang terletak di antara $$\frac{1}{5}$$ dan $$\frac{3}{5}$$ adalah...,A. $$\frac{2}{5}$$,A,true,"[""ordering""]",2026-03-05 12:24:00.489477
ea7c19d8-61e1-44d0-b3a4-d902e9e0ea7b,3ef7ff62-6b05-4ef5-aaa6-7b48be842f09,fraction_addition,add_3,Hasil dari $$1 \frac{1}{2} + \frac{1}{4}$$ adalah...,B. $$1 \frac{3}{4}$$,B,true,"[""addition""]",2026-03-05 09:24:45.947125
eb06bf8c-0881-42df-a99c-52bbc28d6098,55f94980-ef03-47fd-9f42-677c09a982b4,ordering_fractions,ord_4,Pecahan yang terletak di antara $$\frac{1}{5}$$ dan $$\frac{3}{5}$$ adalah...,A. $$\frac{2}{5}$$,A,true,"[""ordering""]",2026-03-09 13:54:55.789735
eb78ed41-038b-460b-b30f-da149a6bb0ff,fcee0ea9-6e65-4596-af7d-361d92742df8,ordering_fractions,ord_3,Tanda pembanding yang tepat untuk $$\frac{3}{5} ... \frac{4}{7}$$ adalah...,B. >,B,true,"[""ordering""]",2026-03-05 09:26:38.288415
eca0bc5b-7369-41fc-9d3f-6b2dddabb6ff,db042083-a72d-4b2c-9a5c-acba6a7334da,fraction_subtraction,sub_3,Hasil dari $$2 - \frac{3}{4}$$ adalah...,C. $$\frac{5}{4}$$,B,false,"[""subtraction""]",2026-03-07 22:33:17.518684
ed0c8dc3-24f2-4cf2-8473-3705b3d9d3c9,b9b1fa4c-afdc-4b3f-bc16-03873b7c5f2d,fraction_multiplication,mul_4,Hasil dari $$2 \frac{1}{2} \times \frac{1}{2}$$ adalah...,B. $$1 \frac{1}{4}$$,B,true,"[""multiplication""]",2026-03-10 05:16:13.115509
ed732c56-56a0-48a0-a2da-9ab0ad386f34,6d8849cc-d848-44ce-8aa7-0f05fce358c4,ordering_fractions,ord_4,Pecahan yang terletak di antara $$\frac{1}{5}$$ dan $$\frac{3}{5}$$ adalah...,A. $$\frac{2}{5}$$,A,true,"[""ordering""]",2026-03-05 09:50:05.738233
eda6f961-a9c5-4d85-a7d8-5e7b6cc2c155,2676eceb-8c8d-42b8-aa3b-215c30884c8a,ordering_fractions,ord_2,"Urutan pecahan $$\frac{1}{2}, \frac{1}{3}, \frac{1}{4}$$ dari yang terkecil adalah...","C. $$\frac{1}{4}, \frac{1}{3}, \frac{1}{2}$$",C,true,"[""ordering""]",2026-03-09 13:50:23.030466
ede8dae9-a3bc-474a-9f2d-117215b6654a,1eead7ec-be42-45fd-b156-09f249ea566f,ordering_fractions,ord_2,"Urutan pecahan $$\frac{1}{2}, \frac{1}{3}, \frac{1}{4}$$ dari yang terkecil adalah...","C. $$\frac{1}{4}, \frac{1}{3}, \frac{1}{2}$$",C,true,"[""ordering""]",2026-03-05 09:22:30.207092
ee4f61cf-b067-4af3-939e-3d521cc4f85b,1762723a-9551-499a-b970-c168c3def60c,fraction_addition,add_2,Hasil dari $$\frac{2}{5} + \frac{1}{2}$$ adalah...,A. $$\frac{3}{7}$$,C,false,"[""addition""]",2026-03-05 09:24:29.711253
ef486c65-d780-425c-a2ed-982759ef217b,6d8849cc-d848-44ce-8aa7-0f05fce358c4,fraction_addition,add_3,Hasil dari $$1 \frac{1}{2} + \frac{1}{4}$$ adalah...,B. $$1 \frac{3}{4}$$,B,true,"[""addition""]",2026-03-08 16:33:10.848926
f058502e-b826-4ad7-9566-75a848dddb5c,4087d78b-a949-4801-ba39-c0827c23ed8b,ordering_fractions,ord_4,Pecahan yang terletak di antara $$\frac{1}{5}$$ dan $$\frac{3}{5}$$ adalah...,B. $$\frac{4}{5}$$,A,false,"[""ordering""]",2026-03-11 13:36:35.798195
f0db5bc2-34e5-46a3-b49b-9c998c69c526,2ef7e723-a3c5-4d16-8a21-4163c6b6f6cd,fraction_addition,add_3,Hasil dari $$1 \frac{1}{2} + \frac{1}{4}$$ adalah...,B. $$1 \frac{3}{4}$$,B,true,"[""addition""]",2026-03-09 13:29:16.281752
f27a0256-d9be-48b1-9e71-66883ed4ff6a,cef191bb-daf1-4707-a563-f5c8266d4a08,ordering_fractions,ord_4,Pecahan yang terletak di antara $$\frac{1}{5}$$ dan $$\frac{3}{5}$$ adalah...,A. $$\frac{2}{5}$$,A,true,"[""ordering""]",2026-03-09 20:19:01.178575
f3fdfc4b-26a8-4ef1-a126-f390595bdaaa,1762723a-9551-499a-b970-c168c3def60c,fraction_addition,add_4,Ibu membeli $$\frac{3}{4}$$ kg telur dan $$\frac{1}{2}$$ kg tepung. Total berat belanjaan Ibu adalah...,D. $$1 \frac{3}{4}$$ kg,A,false,"[""addition""]",2026-03-09 13:17:37.406613
f4353d93-8645-46cb-b796-ead1ffc2ce41,df7bc867-3592-4173-851d-569b9860811f,ordering_fractions,ord_4,Pecahan yang terletak di antara $$\frac{1}{5}$$ dan $$\frac{3}{5}$$ adalah...,A. $$\frac{2}{5}$$,A,true,"[""ordering""]",2026-03-05 09:25:20.721156
f4caa3dc-b16c-4666-a926-6ec4a4279b2b,db042083-a72d-4b2c-9a5c-acba6a7334da,ordering_fractions,ord_3,Tanda pembanding yang tepat untuk $$\frac{3}{5} ... \frac{4}{7}$$ adalah...,B. >,B,true,"[""ordering""]",2026-03-07 22:29:37.334151
f4ea9f7d-2223-41c0-9de0-cfc53b6bd6da,df7bc867-3592-4173-851d-569b9860811f,fraction_addition,add_3,Hasil dari $$1 \frac{1}{2} + \frac{1}{4}$$ adalah...,B. $$1 \frac{3}{4}$$,B,true,"[""addition""]",2026-03-05 09:28:18.530743
f5ac02f3-ffc1-4c00-9aa5-d37ca549b9d5,6d8849cc-d848-44ce-8aa7-0f05fce358c4,fraction_subtraction,sub_4,"Sebuah botol berisi $$\frac{7}{8}$$ liter air. Jika diminum $$\frac{1}{4}$$ liter, sisa air adalah...",B. $$\frac{5}{8}$$ liter,B,true,"[""subtraction""]",2026-03-08 16:33:54.645142
f78786e3-8794-435b-96fe-b9f5e9ab0183,b9b1fa4c-afdc-4b3f-bc16-03873b7c5f2d,fraction_addition,add_3,Hasil dari $$1 \frac{1}{2} + \frac{1}{4}$$ adalah...,B. $$1 \frac{3}{4}$$,B,true,"[""addition""]",2026-03-10 05:14:51.829464
f802fe61-bda2-47d6-a57b-3347b1139f00,1762723a-9551-499a-b970-c168c3def60c,fraction_addition,add_4,Ibu membeli $$\frac{3}{4}$$ kg telur dan $$\frac{1}{2}$$ kg tepung. Total berat belanjaan Ibu adalah...,D. $$1 \frac{3}{4}$$ kg,A,false,"[""addition""]",2026-03-09 13:17:37.911751
f8715baa-b67a-4168-b6e3-da1ba36f6618,1762723a-9551-499a-b970-c168c3def60c,fraction_addition,add_3,Hasil dari $$1 \frac{1}{2} + \frac{1}{4}$$ adalah...,A. $$1 \frac{2}{4}$$,B,false,"[""addition""]",2026-03-09 13:17:35.258925
f87cdb37-bb8c-4533-b0f7-4665a8b249ac,cef191bb-daf1-4707-a563-f5c8266d4a08,ordering_fractions,ord_2,"Urutan pecahan $$\frac{1}{2}, \frac{1}{3}, \frac{1}{4}$$ dari yang terkecil adalah...","A. $$\frac{1}{2}, \frac{1}{3}, \frac{1}{4}$$",C,false,"[""ordering""]",2026-03-09 20:19:00.511242
f983f413-f619-4dce-9cd9-946f027ddf64,304658fd-24f8-4b55-83d1-2627cc251c10,fraction_addition,add_3,Hasil dari $$1 \frac{1}{2} + \frac{1}{4}$$ adalah...,B. $$1 \frac{3}{4}$$,B,true,"[""addition""]",2026-03-05 09:22:51.450847
f9b9b3d2-e0d5-4fd4-b375-a298109e8590,4087d78b-a949-4801-ba39-c0827c23ed8b,fraction_multiplication,mul_3,Hasil dari $$\frac{1}{2} \times \frac{4}{7}$$ adalah...,C. $$\frac{4}{14}$$,B,false,"[""multiplication""]",2026-03-11 13:42:39.972916
fa32cad1-176e-48d0-9084-fa875651d4d4,f061b09f-bb98-4089-9446-8a80f5ecfd3a,ordering_fractions,ord_2,"Urutan pecahan $$\frac{1}{2}, \frac{1}{3}, \frac{1}{4}$$ dari yang terkecil adalah...","C. $$\frac{1}{4}, \frac{1}{3}, \frac{1}{2}$$",C,true,"[""ordering""]",2026-03-05 09:28:11.02683
fac106bb-0a04-45f6-a9f0-19d21c310768,6d8849cc-d848-44ce-8aa7-0f05fce358c4,ordering_fractions,ord_3,Tanda pembanding yang tepat untuk $$\frac{3}{5} ... \frac{4}{7}$$ adalah...,B. >,B,true,"[""ordering""]",2026-03-05 09:50:05.424462
fb72fa6e-38d5-4010-a8a1-8fe702aae36f,6ebb0c6a-01be-45fe-b9a3-e6d7fc534da2,ordering_fractions,ord_4,Pecahan yang terletak di antara $$\frac{1}{5}$$ dan $$\frac{3}{5}$$ adalah...,A. $$\frac{2}{5}$$,A,true,"[""ordering""]",2026-03-05 09:26:53.164408
fd2fdc33-aeb9-4f06-900f-95fedc0355f0,1762723a-9551-499a-b970-c168c3def60c,fraction_addition,add_3,Hasil dari $$1 \frac{1}{2} + \frac{1}{4}$$ adalah...,A. $$1 \frac{2}{4}$$,B,false,"[""addition""]",2026-03-09 13:17:37.723186
fde7f669-a301-46a4-aadb-a3464a75c763,42dcbe2b-084e-4101-96bd-e5e5d38ca2b5,ordering_fractions,ord_2,"Urutan pecahan $$\frac{1}{2}, \frac{1}{3}, \frac{1}{4}$$ dari yang terkecil adalah...","C. $$\frac{1}{4}, \frac{1}{3}, \frac{1}{2}$$",C,true,"[""ordering""]",2026-03-09 13:50:10.595218
fe0ca47d-8361-4f48-80f3-e07a710efa84,1762723a-9551-499a-b970-c168c3def60c,ordering_fractions,ord_4,Pecahan yang terletak di antara $$\frac{1}{5}$$ dan $$\frac{3}{5}$$ adalah...,A. $$\frac{2}{5}$$,A,true,"[""ordering""]",2026-03-05 09:21:36.276444
ff0a33a7-fa53-4e71-907f-50d008c62596,5bb37871-3feb-4f5e-98c4-d0f9ee0d2e48,ordering_fractions,ord_4,Pecahan yang terletak di antara $$\frac{1}{5}$$ dan $$\frac{3}{5}$$ adalah...,A. $$\frac{2}{5}$$,A,true,"[""ordering""]",2026-03-09 13:33:30.524957
ffae7ee3-885e-4b25-97ab-465d22f29070,2676eceb-8c8d-42b8-aa3b-215c30884c8a,ordering_fractions,ord_3,Tanda pembanding yang tepat untuk $$\frac{3}{5} ... \frac{4}{7}$$ adalah...,A. <,B,false,"[""ordering""]",2026-03-09 13:50:23.504268